Timestep,P1UDT942-P1UHS0_1247X.1,P1UDT942-P1UHS0_1247X.2,P1UDT942-P1UHS0_1247X.3
4/1/2018 7:00,-6.10E-08,-2.094395168,2.094395032
4/1/2018 7:15,-6.16E-08,-2.094395168,2.094395033
4/1/2018 7:30,-6.22E-08,-2.094395169,2.094395034
4/1/2018 7:45,-6.14E-08,-2.094395172,2.094395035
4/1/2018 8:00,-5.98E-08,-2.094395171,2.094395038
4/1/2018 8:15,-5.79E-08,-2.094395171,2.09439504
4/1/2018 8:30,-5.65E-08,-2.094395171,2.094395041
4/1/2018 8:45,-5.64E-08,-2.094395171,2.094395042
4/1/2018 9:00,-5.45E-08,-2.094395169,2.094395043
4/1/2018 9:15,-5.32E-08,-2.094395169,2.094395045
4/1/2018 9:30,-5.22E-08,-2.09439517,2.094395047
4/1/2018 9:45,-5.01E-08,-2.09439517,2.09439505
4/1/2018 10:00,-4.78E-08,-2.094395169,2.094395054
4/1/2018 10:15,-4.64E-08,-2.09439517,2.094395057
4/1/2018 10:30,-4.48E-08,-2.094395169,2.094395059
4/1/2018 10:45,-4.39E-08,-2.094395169,2.094395061
4/1/2018 11:00,-4.28E-08,-2.094395169,2.094395062
4/1/2018 11:15,-4.24E-08,-2.094395169,2.094395063
4/1/2018 11:30,-4.27E-08,-2.094395169,2.094395062
4/1/2018 11:45,-4.25E-08,-2.094395168,2.094395062
4/1/2018 12:00,-4.23E-08,-2.094395169,2.094395062
4/1/2018 12:15,-4.14E-08,-2.094395169,2.094395063
4/1/2018 12:30,-4.18E-08,-2.094395167,2.094395063
4/1/2018 12:45,-4.10E-08,-2.094395167,2.094395064
4/1/2018 13:00,-4.14E-08,-2.094395167,2.094395063
4/1/2018 13:15,-4.20E-08,-2.094395168,2.094395062
4/1/2018 13:30,-4.25E-08,-2.094395169,2.094395062
4/1/2018 13:45,-4.30E-08,-2.09439517,2.094395061
4/1/2018 14:00,-4.32E-08,-2.09439517,2.094395061
4/1/2018 14:15,-4.34E-08,-2.094395171,2.09439506
4/1/2018 14:30,-4.35E-08,-2.09439517,2.09439506
4/1/2018 14:45,-4.40E-08,-2.094395169,2.094395058
4/1/2018 15:00,-4.51E-08,-2.094395169,2.094395057
4/1/2018 15:15,-4.55E-08,-2.094395169,2.094395056
4/1/2018 15:30,-4.46E-08,-2.094395167,2.094395056
4/1/2018 15:45,-4.55E-08,-2.094395167,2.094395054
4/1/2018 16:00,-4.64E-08,-2.094395166,2.094395052
4/1/2018 16:15,-4.74E-08,-2.094395165,2.094395051
4/1/2018 16:30,-4.85E-08,-2.094395165,2.09439505
4/1/2018 16:45,-4.92E-08,-2.094395165,2.094395048
4/1/2018 17:00,-5.09E-08,-2.094395165,2.094395045
4/1/2018 17:15,-5.17E-08,-2.094395164,2.094395043
4/1/2018 17:30,-5.25E-08,-2.094395163,2.094395042
4/1/2018 17:45,-5.29E-08,-2.094395162,2.094395041
4/1/2018 18:00,-5.62E-08,-2.094395164,2.094395038
4/1/2018 18:15,-5.63E-08,-2.094395164,2.094395037
4/1/2018 18:30,-5.72E-08,-2.094395165,2.094395035
4/1/2018 18:45,-5.63E-08,-2.094395163,2.094395036
4/2/2018 7:00,-6.05E-08,-2.094395167,2.094395033
4/2/2018 7:15,-6.01E-08,-2.094395168,2.094395034
4/2/2018 7:30,-6.02E-08,-2.094395168,2.094395035
4/2/2018 7:45,-6.04E-08,-2.094395169,2.094395035
4/2/2018 8:00,-6.06E-08,-2.094395171,2.094395035
4/2/2018 8:15,-5.91E-08,-2.094395171,2.094395037
4/2/2018 8:30,-5.58E-08,-2.094395171,2.094395041
4/2/2018 8:45,-5.46E-08,-2.094395171,2.094395043
4/2/2018 9:00,-5.28E-08,-2.094395169,2.094395045
4/2/2018 9:15,-5.27E-08,-2.09439517,2.094395046
4/2/2018 9:30,-5.26E-08,-2.094395171,2.094395045
4/2/2018 9:45,-5.20E-08,-2.09439517,2.094395046
4/2/2018 10:00,-5.11E-08,-2.09439517,2.094395048
4/2/2018 10:15,-4.91E-08,-2.094395169,2.094395051
4/2/2018 10:30,-4.66E-08,-2.094395169,2.094395054
4/2/2018 10:45,-4.64E-08,-2.094395169,2.094395055
4/2/2018 11:00,-4.57E-08,-2.094395169,2.094395056
4/2/2018 11:15,-4.47E-08,-2.094395169,2.094395057
4/2/2018 11:30,-4.45E-08,-2.094395169,2.094395059
4/2/2018 11:45,-4.35E-08,-2.094395169,2.09439506
4/2/2018 12:00,-4.32E-08,-2.094395169,2.094395061
4/2/2018 12:15,-4.23E-08,-2.094395169,2.094395062
4/2/2018 12:30,-4.21E-08,-2.094395168,2.094395063
4/2/2018 12:45,-4.16E-08,-2.094395167,2.094395063
4/2/2018 13:00,-4.21E-08,-2.094395168,2.094395063
4/2/2018 13:15,-4.33E-08,-2.09439517,2.094395062
4/2/2018 13:30,-4.36E-08,-2.094395169,2.094395061
4/2/2018 13:45,-4.44E-08,-2.09439517,2.09439506
4/2/2018 14:00,-4.46E-08,-2.09439517,2.09439506
4/2/2018 14:15,-4.53E-08,-2.094395171,2.094395058
4/2/2018 14:30,-4.60E-08,-2.094395172,2.094395057
4/2/2018 14:45,-4.66E-08,-2.094395172,2.094395056
4/2/2018 15:00,-4.73E-08,-2.094395172,2.094395055
4/2/2018 15:15,-4.83E-08,-2.094395172,2.094395054
4/2/2018 15:30,-4.73E-08,-2.09439517,2.094395054
4/2/2018 15:45,-4.87E-08,-2.09439517,2.094395052
4/2/2018 16:00,-5.06E-08,-2.09439517,2.09439505
4/2/2018 16:15,-5.13E-08,-2.09439517,2.094395048
4/2/2018 16:30,-5.24E-08,-2.094395169,2.094395046
4/2/2018 16:45,-5.34E-08,-2.094395168,2.094395045
4/2/2018 17:00,-5.36E-08,-2.094395167,2.094395044
4/2/2018 17:15,-5.19E-08,-2.094395164,2.094395044
4/2/2018 17:30,-5.37E-08,-2.094395163,2.094395044
4/2/2018 17:45,-5.51E-08,-2.094395163,2.094395042
4/2/2018 18:00,-5.78E-08,-2.094395165,2.094395038
4/2/2018 18:15,-5.87E-08,-2.094395165,2.094395036
4/2/2018 18:30,-5.95E-08,-2.094395167,2.094395033
4/2/2018 18:45,-5.81E-08,-2.094395165,2.094395034
4/3/2018 7:00,-6.20E-08,-2.094395168,2.094395032
4/3/2018 7:15,-6.20E-08,-2.094395169,2.094395033
4/3/2018 7:30,-6.29E-08,-2.09439517,2.094395034
4/3/2018 7:45,-6.31E-08,-2.09439517,2.094395034
4/3/2018 8:00,-6.47E-08,-2.094395169,2.094395035
4/3/2018 8:15,-6.18E-08,-2.09439517,2.094395037
4/3/2018 8:30,-5.77E-08,-2.094395169,2.09439504
4/3/2018 8:45,-5.68E-08,-2.094395169,2.094395041
4/3/2018 9:00,-5.44E-08,-2.094395169,2.094395043
4/3/2018 9:15,-5.44E-08,-2.094395169,2.094395043
4/3/2018 9:30,-5.58E-08,-2.09439517,2.094395041
4/3/2018 9:45,-5.48E-08,-2.094395171,2.094395044
4/3/2018 10:00,-5.27E-08,-2.094395171,2.094395046
4/3/2018 10:15,-5.09E-08,-2.09439517,2.094395049
4/3/2018 10:30,-4.78E-08,-2.09439517,2.094395054
4/3/2018 10:45,-4.75E-08,-2.09439517,2.094395054
4/3/2018 11:00,-4.65E-08,-2.09439517,2.094395055
4/3/2018 11:15,-4.49E-08,-2.094395169,2.094395057
4/3/2018 11:30,-4.34E-08,-2.09439517,2.09439506
4/3/2018 11:45,-4.14E-08,-2.094395169,2.094395063
4/3/2018 12:00,-4.18E-08,-2.094395168,2.094395062
4/3/2018 12:15,-4.13E-08,-2.094395167,2.094395063
4/3/2018 12:30,-4.09E-08,-2.094395167,2.094395064
4/3/2018 12:45,-4.02E-08,-2.094395167,2.094395064
4/3/2018 13:00,-4.18E-08,-2.094395168,2.094395063
4/3/2018 13:15,-4.29E-08,-2.094395169,2.094395062
4/3/2018 13:30,-4.43E-08,-2.09439517,2.09439506
4/3/2018 13:45,-4.63E-08,-2.094395171,2.094395056
4/3/2018 14:00,-4.83E-08,-2.094395172,2.094395052
4/3/2018 14:15,-4.96E-08,-2.094395171,2.094395049
4/3/2018 14:30,-5.13E-08,-2.094395171,2.094395047
4/3/2018 14:45,-5.17E-08,-2.09439517,2.094395047
4/3/2018 15:00,-5.26E-08,-2.09439517,2.094395047
4/3/2018 15:15,-5.57E-08,-2.09439517,2.094395045
4/3/2018 15:30,-5.49E-08,-2.094395168,2.094395045
4/3/2018 15:45,-5.39E-08,-2.094395168,2.094395045
4/3/2018 16:00,-5.18E-08,-2.094395167,2.094395046
4/3/2018 16:15,-5.36E-08,-2.094395166,2.094395043
4/3/2018 16:30,-5.48E-08,-2.094395165,2.094395042
4/3/2018 16:45,-5.44E-08,-2.094395165,2.094395042
4/3/2018 17:00,-5.38E-08,-2.094395165,2.094395042
4/3/2018 17:15,-5.45E-08,-2.094395165,2.09439504
4/3/2018 17:30,-5.66E-08,-2.094395163,2.094395039
4/3/2018 17:45,-5.67E-08,-2.094395162,2.094395039
4/3/2018 18:00,-5.96E-08,-2.094395163,2.094395036
4/3/2018 18:15,-5.90E-08,-2.094395164,2.094395035
4/3/2018 18:30,-5.89E-08,-2.094395165,2.094395035
4/3/2018 18:45,-5.74E-08,-2.094395164,2.094395037
4/4/2018 7:00,-5.98E-08,-2.094395167,2.094395033
4/4/2018 7:15,-6.03E-08,-2.094395167,2.094395033
4/4/2018 7:30,-6.11E-08,-2.094395168,2.094395033
4/4/2018 7:45,-6.13E-08,-2.094395169,2.094395033
4/4/2018 8:00,-6.18E-08,-2.09439517,2.094395033
4/4/2018 8:15,-6.16E-08,-2.094395169,2.094395034
4/4/2018 8:30,-5.99E-08,-2.094395169,2.094395035
4/4/2018 8:45,-5.87E-08,-2.094395169,2.094395037
4/4/2018 9:00,-5.70E-08,-2.094395168,2.094395039
4/4/2018 9:15,-5.71E-08,-2.094395169,2.094395039
4/4/2018 9:30,-5.84E-08,-2.094395169,2.094395038
4/4/2018 9:45,-6.06E-08,-2.094395169,2.094395038
4/4/2018 10:00,-6.09E-08,-2.09439517,2.094395037
4/4/2018 10:15,-6.09E-08,-2.094395169,2.094395037
4/4/2018 10:30,-6.09E-08,-2.094395169,2.094395038
4/4/2018 10:45,-6.08E-08,-2.094395169,2.094395038
4/4/2018 11:00,-6.02E-08,-2.094395169,2.094395039
4/4/2018 11:15,-5.61E-08,-2.094395168,2.094395043
4/4/2018 11:30,-5.34E-08,-2.094395167,2.094395047
4/4/2018 11:45,-5.28E-08,-2.094395168,2.094395048
4/4/2018 12:00,-5.11E-08,-2.094395168,2.094395049
4/4/2018 12:15,-5.11E-08,-2.094395167,2.094395048
4/4/2018 12:30,-5.26E-08,-2.094395166,2.094395046
4/4/2018 12:45,-5.32E-08,-2.094395167,2.094395045
4/4/2018 13:00,-5.62E-08,-2.094395168,2.094395042
4/4/2018 13:15,-5.86E-08,-2.094395171,2.09439504
4/4/2018 13:30,-5.93E-08,-2.094395171,2.094395039
4/4/2018 13:45,-5.95E-08,-2.094395172,2.094395038
4/4/2018 14:00,-5.96E-08,-2.094395172,2.094395037
4/4/2018 14:15,-5.89E-08,-2.09439517,2.094395038
4/4/2018 14:30,-5.85E-08,-2.094395169,2.094395039
4/4/2018 14:45,-5.83E-08,-2.094395169,2.094395038
4/4/2018 15:00,-5.82E-08,-2.094395168,2.094395038
4/4/2018 15:15,-5.84E-08,-2.094395168,2.094395038
4/4/2018 15:30,-5.66E-08,-2.094395167,2.09439504
4/4/2018 15:45,-5.64E-08,-2.094395166,2.09439504
4/4/2018 16:00,-5.62E-08,-2.094395165,2.09439504
4/4/2018 16:15,-5.62E-08,-2.094395165,2.09439504
4/4/2018 16:30,-5.66E-08,-2.094395164,2.09439504
4/4/2018 16:45,-5.60E-08,-2.094395163,2.094395041
4/4/2018 17:00,-5.57E-08,-2.094395162,2.094395041
4/4/2018 17:15,-5.42E-08,-2.094395162,2.094395041
4/4/2018 17:30,-5.47E-08,-2.094395162,2.094395041
4/4/2018 17:45,-5.42E-08,-2.094395161,2.094395041
4/4/2018 18:00,-5.66E-08,-2.094395162,2.094395039
4/4/2018 18:15,-5.62E-08,-2.094395162,2.094395038
4/4/2018 18:30,-5.61E-08,-2.094395163,2.094395038
4/4/2018 18:45,-5.39E-08,-2.094395161,2.09439504
4/5/2018 7:00,-6.21E-08,-2.094395169,2.09439503
4/5/2018 7:15,-6.29E-08,-2.094395169,2.094395031
4/5/2018 7:30,-6.38E-08,-2.09439517,2.09439503
4/5/2018 7:45,-6.39E-08,-2.094395172,2.094395029
4/5/2018 8:00,-6.37E-08,-2.094395172,2.09439503
4/5/2018 8:15,-6.33E-08,-2.094395172,2.09439503
4/5/2018 8:30,-6.52E-08,-2.094395172,2.09439503
4/5/2018 8:45,-6.56E-08,-2.094395171,2.09439503
4/5/2018 9:00,-6.21E-08,-2.094395169,2.094395032
4/5/2018 9:15,-6.17E-08,-2.094395169,2.094395032
4/5/2018 9:30,-6.15E-08,-2.094395169,2.094395031
4/5/2018 9:45,-6.13E-08,-2.094395169,2.094395032
4/5/2018 10:00,-6.13E-08,-2.094395169,2.094395032
4/5/2018 10:15,-6.12E-08,-2.09439517,2.094395033
4/5/2018 10:30,-6.09E-08,-2.09439517,2.094395033
4/5/2018 10:45,-6.09E-08,-2.094395169,2.094395033
4/5/2018 11:00,-6.06E-08,-2.094395168,2.094395034
4/5/2018 11:15,-6.00E-08,-2.094395168,2.094395034
4/5/2018 11:30,-5.98E-08,-2.094395168,2.094395035
4/5/2018 11:45,-6.03E-08,-2.094395168,2.094395035
4/5/2018 12:00,-5.98E-08,-2.094395168,2.094395035
4/5/2018 12:15,-5.81E-08,-2.094395167,2.094395037
4/5/2018 12:30,-5.77E-08,-2.094395166,2.094395039
4/5/2018 12:45,-5.62E-08,-2.094395166,2.09439504
4/5/2018 13:00,-5.63E-08,-2.094395166,2.094395041
4/5/2018 13:15,-5.80E-08,-2.094395168,2.094395039
4/5/2018 13:30,-5.92E-08,-2.094395168,2.094395037
4/5/2018 13:45,-5.91E-08,-2.094395168,2.094395037
4/5/2018 14:00,-5.86E-08,-2.094395168,2.094395038
4/5/2018 14:15,-5.78E-08,-2.094395168,2.094395039
4/5/2018 14:30,-5.71E-08,-2.094395168,2.09439504
4/5/2018 14:45,-5.76E-08,-2.094395168,2.094395039
4/5/2018 15:00,-5.80E-08,-2.094395168,2.094395038
4/5/2018 15:15,-5.87E-08,-2.094395168,2.094395038
4/5/2018 15:30,-5.72E-08,-2.094395165,2.09439504
4/5/2018 15:45,-5.58E-08,-2.094395165,2.094395042
4/5/2018 16:00,-5.38E-08,-2.094395164,2.094395043
4/5/2018 16:15,-5.40E-08,-2.094395164,2.094395043
4/5/2018 16:30,-5.46E-08,-2.094395163,2.094395043
4/5/2018 16:45,-5.61E-08,-2.094395163,2.094395042
4/5/2018 17:00,-5.53E-08,-2.094395162,2.094395041
4/5/2018 17:15,-5.46E-08,-2.094395161,2.094395041
4/5/2018 17:30,-5.39E-08,-2.09439516,2.094395042
4/5/2018 17:45,-5.43E-08,-2.09439516,2.094395041
4/5/2018 18:00,-5.69E-08,-2.094395162,2.094395038
4/5/2018 18:15,-5.81E-08,-2.094395163,2.094395037
4/5/2018 18:30,-5.87E-08,-2.094395165,2.094395036
4/5/2018 18:45,-5.74E-08,-2.094395164,2.094395037
4/6/2018 7:00,-3.19E-08,-2.09439514,2.094395059
4/6/2018 7:15,-3.12E-08,-2.09439514,2.09439506
4/6/2018 7:30,-3.18E-08,-2.094395141,2.094395061
4/6/2018 7:45,-3.08E-08,-2.09439514,2.094395062
4/6/2018 8:00,-2.94E-08,-2.09439514,2.094395063
4/6/2018 8:15,-2.89E-08,-2.094395141,2.094395065
4/6/2018 8:30,-2.73E-08,-2.09439514,2.094395067
4/6/2018 8:45,-2.59E-08,-2.09439514,2.09439507
4/6/2018 9:00,-2.40E-08,-2.09439514,2.094395073
4/6/2018 9:15,-2.27E-08,-2.09439514,2.094395075
4/6/2018 9:30,-2.12E-08,-2.094395141,2.094395078
4/6/2018 9:45,-1.97E-08,-2.094395141,2.09439508
4/6/2018 10:00,-1.85E-08,-2.09439514,2.094395082
4/6/2018 10:15,-1.73E-08,-2.09439514,2.094395084
4/6/2018 10:30,-1.58E-08,-2.094395141,2.094395086
4/6/2018 10:45,-1.46E-08,-2.094395141,2.094395088
4/6/2018 11:00,-1.47E-08,-2.094395139,2.09439509
4/6/2018 11:15,-1.44E-08,-2.09439514,2.09439509
4/6/2018 11:30,-1.53E-08,-2.094395139,2.094395091
4/6/2018 11:45,-1.42E-08,-2.09439514,2.09439509
4/6/2018 12:00,-1.53E-08,-2.094395141,2.094395089
4/6/2018 12:15,-1.39E-08,-2.09439514,2.09439509
4/6/2018 12:30,-1.26E-08,-2.094395139,2.094395091
4/6/2018 12:45,-1.23E-08,-2.094395139,2.094395091
4/6/2018 13:00,-1.19E-08,-2.094395138,2.094395092
4/6/2018 13:15,-1.14E-08,-2.094395138,2.094395092
4/6/2018 13:30,-1.16E-08,-2.094395138,2.094395092
4/6/2018 13:45,-1.20E-08,-2.094395138,2.094395091
4/6/2018 14:00,-1.21E-08,-2.094395139,2.094395089
4/6/2018 14:15,-1.21E-08,-2.094395139,2.094395089
4/6/2018 14:30,-1.26E-08,-2.094395139,2.094395088
4/6/2018 14:45,-1.26E-08,-2.094395139,2.094395088
4/6/2018 15:00,-1.27E-08,-2.09439514,2.094395088
4/6/2018 15:15,-1.36E-08,-2.094395139,2.094395086
4/6/2018 15:30,-1.49E-08,-2.094395139,2.094395084
4/6/2018 15:45,-1.59E-08,-2.094395139,2.094395082
4/6/2018 16:00,-1.81E-08,-2.094395139,2.09439508
4/6/2018 16:15,-1.96E-08,-2.094395139,2.094395078
4/6/2018 16:30,-2.13E-08,-2.094395139,2.094395076
4/6/2018 16:45,-2.27E-08,-2.094395139,2.094395074
4/6/2018 17:00,-2.42E-08,-2.094395139,2.094395073
4/6/2018 17:15,-2.58E-08,-2.094395139,2.09439507
4/6/2018 17:30,-2.74E-08,-2.09439514,2.094395068
4/6/2018 17:45,-2.88E-08,-2.09439514,2.094395066
4/6/2018 18:00,-3.16E-08,-2.094395141,2.094395063
4/6/2018 18:15,-3.30E-08,-2.094395141,2.094395061
4/6/2018 18:30,-3.39E-08,-2.094395142,2.094395059
4/6/2018 18:45,-3.48E-08,-2.094395143,2.094395057
4/7/2018 7:00,-2.48E-08,-2.09439513,2.094395071
4/7/2018 7:15,-2.35E-08,-2.09439513,2.094395073
4/7/2018 7:30,-2.28E-08,-2.09439513,2.094395076
4/7/2018 7:45,-2.16E-08,-2.09439513,2.094395078
4/7/2018 8:00,-1.96E-08,-2.094395129,2.094395081
4/7/2018 8:15,-1.70E-08,-2.094395129,2.094395083
4/7/2018 8:30,-1.54E-08,-2.094395129,2.094395084
4/7/2018 8:45,-1.43E-08,-2.094395129,2.094395087
4/7/2018 9:00,-1.37E-08,-2.094395129,2.094395088
4/7/2018 9:15,-1.26E-08,-2.094395129,2.09439509
4/7/2018 9:30,-1.07E-08,-2.094395129,2.094395093
4/7/2018 9:45,-1.11E-08,-2.094395128,2.094395095
4/7/2018 10:00,-9.27E-09,-2.094395129,2.094395097
4/7/2018 10:15,-5.99E-09,-2.094395129,2.094395099
4/7/2018 10:30,-4.55E-09,-2.094395129,2.094395101
4/7/2018 10:45,-3.94E-09,-2.094395129,2.094395102
4/7/2018 11:00,-5.27E-09,-2.094395129,2.094395103
4/7/2018 11:15,-5.11E-09,-2.094395129,2.094395103
4/7/2018 11:30,-4.50E-09,-2.094395129,2.094395103
4/7/2018 11:45,-3.77E-09,-2.094395129,2.094395103
4/7/2018 12:00,-4.10E-09,-2.094395129,2.094395103
4/7/2018 12:15,-3.94E-09,-2.094395128,2.094395103
4/7/2018 12:30,-4.53E-09,-2.094395129,2.094395102
4/7/2018 12:45,-5.09E-09,-2.09439513,2.094395101
4/7/2018 13:00,-5.09E-09,-2.09439513,2.094395101
4/7/2018 13:15,-4.96E-09,-2.094395129,2.094395101
4/7/2018 13:30,-4.73E-09,-2.094395129,2.094395101
4/7/2018 13:45,-4.12E-09,-2.094395129,2.094395102
4/7/2018 14:00,-3.24E-09,-2.094395128,2.094395103
4/7/2018 14:15,-3.31E-09,-2.094395128,2.094395103
4/7/2018 14:30,-4.43E-09,-2.094395128,2.094395102
4/7/2018 14:45,-5.51E-09,-2.094395129,2.094395101
4/7/2018 15:00,-5.97E-09,-2.094395129,2.094395099
4/7/2018 15:15,-6.80E-09,-2.094395128,2.094395098
4/7/2018 15:30,-7.97E-09,-2.094395129,2.094395096
4/7/2018 15:45,-9.44E-09,-2.094395129,2.094395094
4/7/2018 16:00,-1.03E-08,-2.094395129,2.094395092
4/7/2018 16:15,-1.14E-08,-2.09439513,2.09439509
4/7/2018 16:30,-1.31E-08,-2.09439513,2.094395088
4/7/2018 16:45,-1.46E-08,-2.094395129,2.094395086
4/7/2018 17:00,-1.64E-08,-2.094395129,2.094395084
4/7/2018 17:15,-1.80E-08,-2.094395129,2.094395082
4/7/2018 17:30,-2.09E-08,-2.094395129,2.09439508
4/7/2018 17:45,-2.26E-08,-2.09439513,2.094395077
4/7/2018 18:00,-2.68E-08,-2.094395132,2.094395074
4/7/2018 18:15,-3.00E-08,-2.094395133,2.094395071
4/7/2018 18:30,-2.88E-08,-2.094395132,2.09439507
4/7/2018 18:45,-2.76E-08,-2.094395132,2.094395069
4/8/2018 7:00,-6.10E-08,-2.094395167,2.094395032
4/8/2018 7:15,-6.10E-08,-2.094395168,2.094395032
4/8/2018 7:30,-6.07E-08,-2.094395169,2.094395032
4/8/2018 7:45,-6.06E-08,-2.09439517,2.094395033
4/8/2018 8:00,-5.96E-08,-2.09439517,2.094395034
4/8/2018 8:15,-5.91E-08,-2.09439517,2.094395035
4/8/2018 8:30,-5.83E-08,-2.09439517,2.094395035
4/8/2018 8:45,-5.67E-08,-2.09439517,2.094395038
4/8/2018 9:00,-5.60E-08,-2.09439517,2.09439504
4/8/2018 9:15,-5.38E-08,-2.09439517,2.094395044
4/8/2018 9:30,-5.10E-08,-2.09439517,2.094395048
4/8/2018 9:45,-4.93E-08,-2.094395171,2.094395051
4/8/2018 10:00,-4.75E-08,-2.094395169,2.094395055
4/8/2018 10:15,-4.74E-08,-2.09439517,2.094395055
4/8/2018 10:30,-4.72E-08,-2.09439517,2.094395055
4/8/2018 10:45,-4.65E-08,-2.094395171,2.094395058
4/8/2018 11:00,-4.47E-08,-2.09439517,2.094395061
4/8/2018 11:15,-4.30E-08,-2.094395169,2.094395062
4/8/2018 11:30,-4.39E-08,-2.094395169,2.094395061
4/8/2018 11:45,-4.36E-08,-2.094395169,2.094395061
4/8/2018 12:00,-4.38E-08,-2.09439517,2.09439506
4/8/2018 12:15,-4.32E-08,-2.094395169,2.094395061
4/8/2018 12:30,-4.23E-08,-2.094395168,2.094395062
4/8/2018 12:45,-4.23E-08,-2.094395168,2.094395062
4/8/2018 13:00,-4.34E-08,-2.094395169,2.09439506
4/8/2018 13:15,-4.52E-08,-2.094395171,2.094395058
4/8/2018 13:30,-4.61E-08,-2.094395172,2.094395057
4/8/2018 13:45,-4.57E-08,-2.094395172,2.094395058
4/8/2018 14:00,-4.56E-08,-2.094395173,2.094395058
4/8/2018 14:15,-4.63E-08,-2.094395173,2.094395056
4/8/2018 14:30,-4.79E-08,-2.094395173,2.094395054
4/8/2018 14:45,-4.98E-08,-2.094395173,2.094395051
4/8/2018 15:00,-5.10E-08,-2.094395173,2.094395049
4/8/2018 15:15,-5.18E-08,-2.094395174,2.094395048
4/8/2018 15:30,-5.06E-08,-2.094395171,2.094395048
4/8/2018 15:45,-5.20E-08,-2.09439517,2.094395047
4/8/2018 16:00,-5.29E-08,-2.094395169,2.094395045
4/8/2018 16:15,-5.36E-08,-2.094395169,2.094395044
4/8/2018 16:30,-5.43E-08,-2.094395168,2.094395043
4/8/2018 16:45,-5.45E-08,-2.094395167,2.094395043
4/8/2018 17:00,-5.49E-08,-2.094395167,2.094395042
4/8/2018 17:15,-5.54E-08,-2.094395166,2.094395041
4/8/2018 17:30,-5.52E-08,-2.094395165,2.094395041
4/8/2018 17:45,-5.55E-08,-2.094395164,2.094395039
4/8/2018 18:00,-5.94E-08,-2.094395167,2.094395035
4/8/2018 18:15,-6.02E-08,-2.094395165,2.094395034
4/8/2018 18:30,-6.04E-08,-2.094395167,2.094395033
4/8/2018 18:45,-5.88E-08,-2.094395166,2.094395035
4/9/2018 7:00,-6.16E-08,-2.094395168,2.094395032
4/9/2018 7:15,-6.16E-08,-2.094395169,2.094395032
4/9/2018 7:30,-6.20E-08,-2.09439517,2.094395031
4/9/2018 7:45,-6.27E-08,-2.094395171,2.094395031
4/9/2018 8:00,-6.24E-08,-2.094395171,2.094395031
4/9/2018 8:15,-6.22E-08,-2.094395172,2.094395031
4/9/2018 8:30,-6.18E-08,-2.094395171,2.094395031
4/9/2018 8:45,-6.19E-08,-2.094395171,2.094395032
4/9/2018 9:00,-6.17E-08,-2.094395171,2.094395032
4/9/2018 9:15,-6.17E-08,-2.094395172,2.094395032
4/9/2018 9:30,-6.27E-08,-2.094395172,2.094395033
4/9/2018 9:45,-6.38E-08,-2.094395172,2.094395032
4/9/2018 10:00,-6.33E-08,-2.094395171,2.094395031
4/9/2018 10:15,-6.11E-08,-2.09439517,2.094395034
4/9/2018 10:30,-6.00E-08,-2.09439517,2.094395037
4/9/2018 10:45,-5.73E-08,-2.09439517,2.094395041
4/9/2018 11:00,-5.38E-08,-2.09439517,2.094395046
4/9/2018 11:15,-5.24E-08,-2.094395169,2.094395046
4/9/2018 11:30,-5.35E-08,-2.094395168,2.094395046
4/9/2018 11:45,-5.42E-08,-2.094395168,2.094395044
4/9/2018 12:00,-5.61E-08,-2.094395169,2.094395041
4/9/2018 12:15,-5.42E-08,-2.094395168,2.094395044
4/9/2018 12:30,-5.26E-08,-2.094395168,2.094395046
4/9/2018 12:45,-5.34E-08,-2.094395168,2.094395044
4/9/2018 13:00,-5.51E-08,-2.094395167,2.094395042
4/9/2018 13:15,-5.81E-08,-2.094395168,2.094395039
4/9/2018 13:30,-5.89E-08,-2.094395169,2.094395038
4/9/2018 13:45,-5.81E-08,-2.09439517,2.094395039
4/9/2018 14:00,-5.83E-08,-2.09439517,2.094395041
4/9/2018 14:15,-5.83E-08,-2.094395169,2.094395041
4/9/2018 14:30,-5.79E-08,-2.094395169,2.09439504
4/9/2018 14:45,-5.63E-08,-2.094395168,2.09439504
4/9/2018 15:00,-5.68E-08,-2.094395168,2.094395039
4/9/2018 15:15,-5.62E-08,-2.094395168,2.094395039
4/9/2018 15:30,-5.43E-08,-2.094395166,2.094395042
4/9/2018 15:45,-5.31E-08,-2.094395166,2.094395044
4/9/2018 16:00,-5.20E-08,-2.094395165,2.094395045
4/9/2018 16:15,-5.21E-08,-2.094395165,2.094395044
4/9/2018 16:30,-5.27E-08,-2.094395163,2.094395044
4/9/2018 16:45,-5.32E-08,-2.094395162,2.094395043
4/9/2018 17:00,-5.45E-08,-2.094395162,2.094395041
4/9/2018 17:15,-5.26E-08,-2.094395161,2.094395043
4/9/2018 17:30,-5.09E-08,-2.094395161,2.094395045
4/9/2018 17:45,-5.05E-08,-2.094395159,2.094395045
4/9/2018 18:00,-5.22E-08,-2.094395161,2.094395043
4/9/2018 18:15,-5.41E-08,-2.094395162,2.09439504
4/9/2018 18:30,-5.46E-08,-2.094395163,2.094395039
4/9/2018 18:45,-5.39E-08,-2.094395162,2.094395039
4/10/2018 7:00,-6.03E-08,-2.094395168,2.094395034
4/10/2018 7:15,-6.02E-08,-2.094395168,2.094395035
4/10/2018 7:30,-5.97E-08,-2.094395169,2.094395036
4/10/2018 7:45,-5.97E-08,-2.094395171,2.094395035
4/10/2018 8:00,-5.87E-08,-2.094395171,2.094395037
4/10/2018 8:15,-5.78E-08,-2.094395171,2.094395039
4/10/2018 8:30,-5.61E-08,-2.094395171,2.09439504
4/10/2018 8:45,-5.51E-08,-2.094395169,2.094395042
4/10/2018 9:00,-5.37E-08,-2.09439517,2.094395044
4/10/2018 9:15,-5.16E-08,-2.094395169,2.094395046
4/10/2018 9:30,-5.11E-08,-2.094395169,2.094395047
4/10/2018 9:45,-4.95E-08,-2.094395168,2.09439505
4/10/2018 10:00,-4.75E-08,-2.094395168,2.094395053
4/10/2018 10:15,-4.76E-08,-2.094395168,2.094395053
4/10/2018 10:30,-4.89E-08,-2.094395168,2.094395053
4/10/2018 10:45,-4.95E-08,-2.094395169,2.094395052
4/10/2018 11:00,-4.85E-08,-2.094395169,2.094395052
4/10/2018 11:15,-4.78E-08,-2.094395169,2.094395053
4/10/2018 11:30,-4.84E-08,-2.094395168,2.094395053
4/10/2018 11:45,-4.58E-08,-2.094395168,2.094395056
4/10/2018 12:00,-4.44E-08,-2.094395168,2.094395059
4/10/2018 12:15,-4.37E-08,-2.094395167,2.094395059
4/10/2018 12:30,-4.33E-08,-2.094395166,2.09439506
4/10/2018 12:45,-4.32E-08,-2.094395165,2.094395059
4/10/2018 13:00,-4.40E-08,-2.094395165,2.094395058
4/10/2018 13:15,-4.69E-08,-2.094395167,2.094395054
4/10/2018 13:30,-4.93E-08,-2.094395168,2.094395051
4/10/2018 13:45,-4.87E-08,-2.094395167,2.094395052
4/10/2018 14:00,-4.78E-08,-2.094395168,2.094395053
4/10/2018 14:15,-4.57E-08,-2.094395167,2.094395057
4/10/2018 14:30,-4.36E-08,-2.094395168,2.09439506
4/10/2018 14:45,-4.46E-08,-2.094395168,2.094395058
4/10/2018 15:00,-4.61E-08,-2.094395168,2.094395056
4/10/2018 15:15,-4.96E-08,-2.094395168,2.09439505
4/10/2018 15:30,-5.17E-08,-2.094395166,2.094395047
4/10/2018 15:45,-5.09E-08,-2.094395166,2.094395048
4/10/2018 16:00,-5.01E-08,-2.094395165,2.094395049
4/10/2018 16:15,-5.17E-08,-2.094395163,2.094395047
4/10/2018 16:30,-5.21E-08,-2.094395163,2.094395046
4/10/2018 16:45,-5.34E-08,-2.094395162,2.094395043
4/10/2018 17:00,-5.47E-08,-2.094395162,2.094395041
4/10/2018 17:15,-5.48E-08,-2.094395161,2.09439504
4/10/2018 17:30,-5.42E-08,-2.094395161,2.09439504
4/10/2018 17:45,-5.47E-08,-2.094395162,2.094395039
4/10/2018 18:00,-5.35E-08,-2.094395161,2.09439504
4/10/2018 18:15,-5.66E-08,-2.094395162,2.094395038
4/10/2018 18:30,-5.67E-08,-2.094395163,2.094395038
4/10/2018 18:45,-5.56E-08,-2.094395162,2.094395039
4/11/2018 7:00,-5.93E-08,-2.094395166,2.094395037
4/11/2018 7:15,-5.80E-08,-2.094395167,2.094395038
4/11/2018 7:30,-5.71E-08,-2.094395167,2.094395039
4/11/2018 7:45,-5.64E-08,-2.094395168,2.094395041
4/11/2018 8:00,-5.48E-08,-2.094395168,2.094395043
4/11/2018 8:15,-5.34E-08,-2.094395168,2.094395045
4/11/2018 8:30,-5.23E-08,-2.094395169,2.094395046
4/11/2018 8:45,-5.14E-08,-2.094395168,2.094395049
4/11/2018 9:00,-4.98E-08,-2.094395168,2.094395051
4/11/2018 9:15,-4.81E-08,-2.094395169,2.094395053
4/11/2018 9:30,-4.76E-08,-2.094395168,2.094395055
4/11/2018 9:45,-4.61E-08,-2.094395168,2.094395057
4/11/2018 10:00,-4.46E-08,-2.094395168,2.094395059
4/11/2018 10:15,-4.44E-08,-2.094395167,2.094395059
4/11/2018 10:30,-4.44E-08,-2.094395167,2.094395059
4/11/2018 10:45,-4.17E-08,-2.094395167,2.094395062
4/11/2018 11:00,-3.94E-08,-2.094395166,2.094395065
4/11/2018 11:15,-3.91E-08,-2.094395166,2.094395065
4/11/2018 11:30,-4.03E-08,-2.094395166,2.094395065
4/11/2018 11:45,-4.05E-08,-2.094395166,2.094395065
4/11/2018 12:00,-4.14E-08,-2.094395166,2.094395065
4/11/2018 12:15,-4.22E-08,-2.094395165,2.094395066
4/11/2018 12:30,-4.04E-08,-2.094395165,2.094395067
4/11/2018 12:45,-3.78E-08,-2.094395164,2.094395068
4/11/2018 13:00,-3.79E-08,-2.094395164,2.094395068
4/11/2018 13:15,-3.82E-08,-2.094395165,2.094395067
4/11/2018 13:30,-3.89E-08,-2.094395166,2.094395066
4/11/2018 13:45,-3.92E-08,-2.094395167,2.094395066
4/11/2018 14:00,-3.93E-08,-2.094395166,2.094395066
4/11/2018 14:15,-3.93E-08,-2.094395166,2.094395065
4/11/2018 14:30,-3.97E-08,-2.094395166,2.094395065
4/11/2018 14:45,-4.11E-08,-2.094395166,2.094395064
4/11/2018 15:00,-4.51E-08,-2.094395168,2.094395061
4/11/2018 15:15,-4.54E-08,-2.094395168,2.09439506
4/11/2018 15:30,-4.28E-08,-2.094395166,2.09439506
4/11/2018 15:45,-4.37E-08,-2.094395165,2.094395058
4/11/2018 16:00,-4.46E-08,-2.094395164,2.094395057
4/11/2018 16:15,-4.57E-08,-2.094395164,2.094395055
4/11/2018 16:30,-4.70E-08,-2.094395163,2.094395053
4/11/2018 16:45,-4.79E-08,-2.094395163,2.094395051
4/11/2018 17:00,-4.89E-08,-2.094395163,2.09439505
4/11/2018 17:15,-4.97E-08,-2.094395162,2.094395048
4/11/2018 17:30,-5.08E-08,-2.094395161,2.094395047
4/11/2018 17:45,-5.15E-08,-2.094395161,2.094395046
4/11/2018 18:00,-5.18E-08,-2.094395161,2.094395045
4/11/2018 18:15,-5.53E-08,-2.094395163,2.094395041
4/11/2018 18:30,-5.65E-08,-2.094395163,2.094395039
4/11/2018 18:45,-5.53E-08,-2.094395162,2.094395039
4/12/2018 7:00,-6.15E-08,-2.094395169,2.094395034
4/12/2018 7:15,-6.10E-08,-2.09439517,2.094395035
4/12/2018 7:30,-5.87E-08,-2.094395169,2.094395038
4/12/2018 7:45,-5.77E-08,-2.09439517,2.094395039
4/12/2018 8:00,-5.61E-08,-2.094395169,2.094395042
4/12/2018 8:15,-5.55E-08,-2.094395169,2.094395044
4/12/2018 8:30,-5.38E-08,-2.094395169,2.094395045
4/12/2018 8:45,-5.21E-08,-2.094395169,2.094395048
4/12/2018 9:00,-5.06E-08,-2.094395169,2.09439505
4/12/2018 9:15,-4.92E-08,-2.094395169,2.094395052
4/12/2018 9:30,-4.78E-08,-2.094395169,2.094395054
4/12/2018 9:45,-4.67E-08,-2.094395169,2.094395056
4/12/2018 10:00,-4.54E-08,-2.09439517,2.094395058
4/12/2018 10:15,-4.42E-08,-2.094395168,2.09439506
4/12/2018 10:30,-4.35E-08,-2.094395168,2.094395061
4/12/2018 10:45,-4.24E-08,-2.094395168,2.094395063
4/12/2018 11:00,-4.15E-08,-2.094395168,2.094395064
4/12/2018 11:15,-4.12E-08,-2.094395168,2.094395064
4/12/2018 11:30,-4.21E-08,-2.094395167,2.094395064
4/12/2018 11:45,-4.18E-08,-2.094395167,2.094395064
4/12/2018 12:00,-4.22E-08,-2.094395168,2.094395063
4/12/2018 12:15,-4.13E-08,-2.094395167,2.094395064
4/12/2018 12:30,-4.01E-08,-2.094395166,2.094395065
4/12/2018 12:45,-3.98E-08,-2.094395166,2.094395065
4/12/2018 13:00,-4.01E-08,-2.094395166,2.094395065
4/12/2018 13:15,-4.13E-08,-2.094395168,2.094395064
4/12/2018 13:30,-4.18E-08,-2.094395168,2.094395064
4/12/2018 13:45,-4.25E-08,-2.094395169,2.094395063
4/12/2018 14:00,-4.26E-08,-2.09439517,2.094395062
4/12/2018 14:15,-4.25E-08,-2.094395169,2.094395062
4/12/2018 14:30,-4.31E-08,-2.094395169,2.094395062
4/12/2018 14:45,-4.38E-08,-2.094395169,2.09439506
4/12/2018 15:00,-4.45E-08,-2.094395169,2.094395059
4/12/2018 15:15,-4.59E-08,-2.094395169,2.094395057
4/12/2018 15:30,-4.51E-08,-2.094395167,2.094395057
4/12/2018 15:45,-4.70E-08,-2.094395168,2.094395055
4/12/2018 16:00,-4.80E-08,-2.094395167,2.094395053
4/12/2018 16:15,-4.90E-08,-2.094395167,2.094395052
4/12/2018 16:30,-5.04E-08,-2.094395166,2.09439505
4/12/2018 16:45,-5.18E-08,-2.094395166,2.094395048
4/12/2018 17:00,-5.28E-08,-2.094395166,2.094395047
4/12/2018 17:15,-5.34E-08,-2.094395165,2.094395045
4/12/2018 17:30,-5.34E-08,-2.094395164,2.094395044
4/12/2018 17:45,-5.36E-08,-2.094395164,2.094395043
4/12/2018 18:00,-5.31E-08,-2.094395164,2.094395042
4/12/2018 18:15,-5.65E-08,-2.094395166,2.094395038
4/12/2018 18:30,-5.73E-08,-2.094395166,2.094395036
4/12/2018 18:45,-5.66E-08,-2.094395165,2.094395037
4/13/2018 7:00,-3.47E-08,-2.094395142,2.094395059
4/13/2018 7:15,-3.21E-08,-2.094395141,2.094395061
4/13/2018 7:30,-3.13E-08,-2.094395142,2.094395062
4/13/2018 7:45,-3.05E-08,-2.094395142,2.094395064
4/13/2018 8:00,-2.80E-08,-2.094395143,2.094395066
4/13/2018 8:15,-2.66E-08,-2.094395142,2.094395068
4/13/2018 8:30,-2.53E-08,-2.094395142,2.09439507
4/13/2018 8:45,-2.41E-08,-2.094395142,2.094395072
4/13/2018 9:00,-2.27E-08,-2.094395142,2.094395074
4/13/2018 9:15,-2.15E-08,-2.094395142,2.094395076
4/13/2018 9:30,-2.01E-08,-2.094395142,2.094395079
4/13/2018 9:45,-1.90E-08,-2.094395142,2.094395081
4/13/2018 10:00,-1.72E-08,-2.094395142,2.094395083
4/13/2018 10:15,-1.62E-08,-2.094395142,2.094395084
4/13/2018 10:30,-1.51E-08,-2.094395142,2.094395086
4/13/2018 10:45,-1.43E-08,-2.094395142,2.094395087
4/13/2018 11:00,-1.32E-08,-2.094395141,2.094395088
4/13/2018 11:15,-1.39E-08,-2.094395141,2.094395088
4/13/2018 11:30,-1.48E-08,-2.094395141,2.094395088
4/13/2018 11:45,-1.32E-08,-2.094395141,2.094395088
4/13/2018 12:00,-1.35E-08,-2.094395141,2.094395087
4/13/2018 12:15,-1.24E-08,-2.094395141,2.094395089
4/13/2018 12:30,-1.11E-08,-2.09439514,2.094395089
4/13/2018 12:45,-1.07E-08,-2.09439514,2.09439509
4/13/2018 13:00,-1.05E-08,-2.09439514,2.09439509
4/13/2018 13:15,-1.17E-08,-2.09439514,2.094395089
4/13/2018 13:30,-1.21E-08,-2.09439514,2.094395089
4/13/2018 13:45,-1.26E-08,-2.094395142,2.094395088
4/13/2018 14:00,-1.37E-08,-2.094395141,2.094395088
4/13/2018 14:15,-1.37E-08,-2.094395141,2.094395088
4/13/2018 14:30,-1.34E-08,-2.094395141,2.094395088
4/13/2018 14:45,-1.48E-08,-2.094395142,2.094395086
4/13/2018 15:00,-1.54E-08,-2.094395142,2.094395085
4/13/2018 15:15,-1.67E-08,-2.094395142,2.094395083
4/13/2018 15:30,-2.06E-08,-2.094395142,2.094395081
4/13/2018 15:45,-2.16E-08,-2.094395142,2.094395079
4/13/2018 16:00,-2.03E-08,-2.094395142,2.094395077
4/13/2018 16:15,-2.22E-08,-2.094395143,2.094395075
4/13/2018 16:30,-2.36E-08,-2.094395143,2.094395073
4/13/2018 16:45,-2.44E-08,-2.094395142,2.094395071
4/13/2018 17:00,-2.60E-08,-2.094395141,2.094395069
4/13/2018 17:15,-2.73E-08,-2.094395141,2.094395067
4/13/2018 17:30,-2.77E-08,-2.09439514,2.094395066
4/13/2018 17:45,-2.92E-08,-2.09439514,2.094395064
4/13/2018 18:00,-3.15E-08,-2.094395141,2.094395063
4/13/2018 18:15,-3.36E-08,-2.094395143,2.094395059
4/13/2018 18:30,-3.47E-08,-2.094395144,2.094395057
4/13/2018 18:45,-3.54E-08,-2.094395143,2.094395056
4/14/2018 7:00,-2.21E-08,-2.094395128,2.094395074
4/14/2018 7:15,-2.36E-08,-2.094395128,2.094395075
4/14/2018 7:30,-2.26E-08,-2.094395128,2.094395074
4/14/2018 7:45,-2.18E-08,-2.094395128,2.094395075
4/14/2018 8:00,-2.15E-08,-2.094395128,2.094395075
4/14/2018 8:15,-2.06E-08,-2.094395128,2.094395076
4/14/2018 8:30,-1.98E-08,-2.094395128,2.094395077
4/14/2018 8:45,-1.88E-08,-2.094395128,2.094395079
4/14/2018 9:00,-1.78E-08,-2.094395128,2.094395081
4/14/2018 9:15,-1.68E-08,-2.094395129,2.094395082
4/14/2018 9:30,-1.69E-08,-2.094395129,2.094395083
4/14/2018 9:45,-1.50E-08,-2.094395129,2.094395086
4/14/2018 10:00,-1.33E-08,-2.09439513,2.094395089
4/14/2018 10:15,-1.11E-08,-2.094395129,2.094395093
4/14/2018 10:30,-8.67E-09,-2.094395128,2.094395096
4/14/2018 10:45,-6.32E-09,-2.094395129,2.0943951
4/14/2018 11:00,-4.27E-09,-2.094395129,2.094395103
4/14/2018 11:15,-4.47E-09,-2.094395128,2.094395103
4/14/2018 11:30,-5.41E-09,-2.094395128,2.094395103
4/14/2018 11:45,-5.10E-09,-2.094395128,2.094395103
4/14/2018 12:00,-5.57E-09,-2.094395128,2.094395103
4/14/2018 12:15,-5.26E-09,-2.094395129,2.094395103
4/14/2018 12:30,-4.93E-09,-2.094395128,2.094395103
4/14/2018 12:45,-5.27E-09,-2.094395128,2.094395103
4/14/2018 13:00,-4.15E-09,-2.094395127,2.094395104
4/14/2018 13:15,-7.02E-09,-2.094395128,2.094395099
4/14/2018 13:30,-9.86E-09,-2.094395128,2.094395094
4/14/2018 13:45,-1.20E-08,-2.094395129,2.09439509
4/14/2018 14:00,-1.59E-08,-2.09439513,2.094395085
4/14/2018 14:15,-1.62E-08,-2.094395129,2.094395084
4/14/2018 14:30,-1.77E-08,-2.094395129,2.094395081
4/14/2018 14:45,-1.93E-08,-2.094395129,2.094395079
4/14/2018 15:00,-2.04E-08,-2.094395129,2.094395078
4/14/2018 15:15,-2.05E-08,-2.094395129,2.094395077
4/14/2018 15:30,-2.17E-08,-2.094395129,2.094395076
4/14/2018 15:45,-2.09E-08,-2.094395129,2.094395077
4/14/2018 16:00,-1.97E-08,-2.094395128,2.094395078
4/14/2018 16:15,-1.98E-08,-2.094395128,2.09439508
4/14/2018 16:30,-1.92E-08,-2.094395129,2.094395081
4/14/2018 16:45,-1.86E-08,-2.094395129,2.094395081
4/14/2018 17:00,-1.92E-08,-2.094395128,2.094395081
4/14/2018 17:15,-2.02E-08,-2.094395128,2.09439508
4/14/2018 17:30,-2.11E-08,-2.094395128,2.094395079
4/14/2018 17:45,-2.28E-08,-2.094395129,2.094395076
4/14/2018 18:00,-2.33E-08,-2.09439513,2.094395075
4/14/2018 18:15,-2.56E-08,-2.094395131,2.094395072
4/14/2018 18:30,-2.74E-08,-2.094395132,2.09439507
4/14/2018 18:45,-2.87E-08,-2.094395133,2.094395069
4/15/2018 7:00,-6.18E-08,-2.094395166,2.094395033
4/15/2018 7:15,-6.16E-08,-2.094395167,2.094395032
4/15/2018 7:30,-6.22E-08,-2.094395167,2.094395032
4/15/2018 7:45,-6.25E-08,-2.094395168,2.094395033
4/15/2018 8:00,-6.18E-08,-2.094395168,2.094395034
4/15/2018 8:15,-5.95E-08,-2.094395168,2.094395037
4/15/2018 8:30,-5.68E-08,-2.094395169,2.09439504
4/15/2018 8:45,-5.48E-08,-2.094395168,2.094395044
4/15/2018 9:00,-5.19E-08,-2.094395167,2.094395047
4/15/2018 9:15,-5.31E-08,-2.094395168,2.094395046
4/15/2018 9:30,-5.42E-08,-2.094395168,2.094395046
4/15/2018 9:45,-5.30E-08,-2.094395168,2.094395047
4/15/2018 10:00,-5.24E-08,-2.094395167,2.094395048
4/15/2018 10:15,-5.28E-08,-2.094395167,2.09439505
4/15/2018 10:30,-5.02E-08,-2.094395167,2.094395053
4/15/2018 10:45,-4.67E-08,-2.094395167,2.094395055
4/15/2018 11:00,-4.45E-08,-2.094395166,2.094395058
4/15/2018 11:15,-5.00E-08,-2.094395167,2.09439505
4/15/2018 11:30,-5.74E-08,-2.094395168,2.094395041
4/15/2018 11:45,-5.54E-08,-2.094395167,2.094395044
4/15/2018 12:00,-5.35E-08,-2.094395167,2.094395047
4/15/2018 12:15,-4.79E-08,-2.094395165,2.094395054
4/15/2018 12:30,-4.27E-08,-2.094395164,2.094395062
4/15/2018 12:45,-4.07E-08,-2.094395163,2.094395065
4/15/2018 13:00,-3.98E-08,-2.094395163,2.094395066
4/15/2018 13:15,-4.41E-08,-2.094395165,2.09439506
4/15/2018 13:30,-4.75E-08,-2.094395166,2.094395055
4/15/2018 13:45,-4.45E-08,-2.094395166,2.094395059
4/15/2018 14:00,-4.15E-08,-2.094395166,2.094395063
4/15/2018 14:15,-3.99E-08,-2.094395166,2.094395066
4/15/2018 14:30,-3.91E-08,-2.094395166,2.094395067
4/15/2018 14:45,-4.03E-08,-2.094395165,2.094395066
4/15/2018 15:00,-4.13E-08,-2.094395165,2.094395065
4/15/2018 15:15,-4.26E-08,-2.094395165,2.094395063
4/15/2018 15:30,-4.28E-08,-2.094395163,2.094395063
4/15/2018 15:45,-4.42E-08,-2.094395163,2.094395061
4/15/2018 16:00,-4.54E-08,-2.094395162,2.094395058
4/15/2018 16:15,-4.61E-08,-2.094395162,2.094395056
4/15/2018 16:30,-4.66E-08,-2.094395162,2.094395055
4/15/2018 16:45,-4.85E-08,-2.094395162,2.094395052
4/15/2018 17:00,-4.98E-08,-2.094395163,2.09439505
4/15/2018 17:15,-5.03E-08,-2.094395163,2.094395049
4/15/2018 17:30,-5.15E-08,-2.094395161,2.094395048
4/15/2018 17:45,-5.24E-08,-2.094395161,2.094395046
4/15/2018 18:00,-5.34E-08,-2.09439516,2.094395045
4/15/2018 18:15,-5.74E-08,-2.094395162,2.094395041
4/15/2018 18:30,-5.80E-08,-2.094395164,2.094395039
4/15/2018 18:45,-5.76E-08,-2.094395162,2.09439504
4/16/2018 7:00,-5.91E-08,-2.094395166,2.094395038
4/16/2018 7:15,-5.83E-08,-2.094395167,2.094395039
4/16/2018 7:30,-5.78E-08,-2.094395169,2.09439504
4/16/2018 7:45,-5.68E-08,-2.094395168,2.094395042
4/16/2018 8:00,-5.54E-08,-2.094395168,2.094395044
4/16/2018 8:15,-5.43E-08,-2.094395168,2.094395046
4/16/2018 8:30,-5.20E-08,-2.094395168,2.094395047
4/16/2018 8:45,-5.08E-08,-2.094395168,2.094395049
4/16/2018 9:00,-4.92E-08,-2.094395168,2.094395052
4/16/2018 9:15,-4.78E-08,-2.094395169,2.094395054
4/16/2018 9:30,-4.63E-08,-2.094395168,2.094395056
4/16/2018 9:45,-4.44E-08,-2.094395168,2.094395058
4/16/2018 10:00,-4.32E-08,-2.094395168,2.09439506
4/16/2018 10:15,-4.20E-08,-2.094395168,2.094395062
4/16/2018 10:30,-4.13E-08,-2.094395168,2.094395064
4/16/2018 10:45,-4.03E-08,-2.094395167,2.094395065
4/16/2018 11:00,-4.01E-08,-2.094395167,2.094395065
4/16/2018 11:15,-3.99E-08,-2.094395167,2.094395065
4/16/2018 11:30,-4.09E-08,-2.094395167,2.094395065
4/16/2018 11:45,-4.05E-08,-2.094395167,2.094395065
4/16/2018 12:00,-4.07E-08,-2.094395167,2.094395065
4/16/2018 12:15,-3.98E-08,-2.094395166,2.094395066
4/16/2018 12:30,-3.87E-08,-2.094395165,2.094395067
4/16/2018 12:45,-3.81E-08,-2.094395165,2.094395067
4/16/2018 13:00,-3.88E-08,-2.094395165,2.094395067
4/16/2018 13:15,-3.98E-08,-2.094395166,2.094395066
4/16/2018 13:30,-3.98E-08,-2.094395167,2.094395066
4/16/2018 13:45,-4.04E-08,-2.094395167,2.094395065
4/16/2018 14:00,-4.04E-08,-2.094395168,2.094395065
4/16/2018 14:15,-4.05E-08,-2.094395169,2.094395065
4/16/2018 14:30,-4.10E-08,-2.094395169,2.094395065
4/16/2018 14:45,-4.16E-08,-2.094395167,2.094395064
4/16/2018 15:00,-4.20E-08,-2.094395167,2.094395063
4/16/2018 15:15,-4.28E-08,-2.094395167,2.094395061
4/16/2018 15:30,-4.37E-08,-2.094395165,2.094395061
4/16/2018 15:45,-4.48E-08,-2.094395165,2.094395059
4/16/2018 16:00,-4.57E-08,-2.094395165,2.094395058
4/16/2018 16:15,-4.66E-08,-2.094395164,2.094395056
4/16/2018 16:30,-4.81E-08,-2.094395165,2.094395053
4/16/2018 16:45,-4.98E-08,-2.094395164,2.094395052
4/16/2018 17:00,-4.97E-08,-2.094395165,2.09439505
4/16/2018 17:15,-5.03E-08,-2.094395164,2.094395048
4/16/2018 17:30,-5.09E-08,-2.094395162,2.094395047
4/16/2018 17:45,-5.15E-08,-2.094395162,2.094395045
4/16/2018 18:00,-5.12E-08,-2.094395161,2.094395045
4/16/2018 18:15,-5.45E-08,-2.094395163,2.094395041
4/16/2018 18:30,-5.53E-08,-2.094395164,2.094395039
4/16/2018 18:45,-5.47E-08,-2.094395164,2.094395039
4/17/2018 7:00,-6.30E-08,-2.094395167,2.094395033
4/17/2018 7:15,-6.58E-08,-2.094395168,2.094395032
4/17/2018 7:30,-6.66E-08,-2.094395168,2.094395032
4/17/2018 7:45,-6.37E-08,-2.09439517,2.094395032
4/17/2018 8:00,-6.27E-08,-2.09439517,2.094395033
4/17/2018 8:15,-6.26E-08,-2.09439517,2.094395033
4/17/2018 8:30,-6.25E-08,-2.09439517,2.094395032
4/17/2018 8:45,-6.21E-08,-2.09439517,2.094395032
4/17/2018 9:00,-6.20E-08,-2.09439517,2.094395033
4/17/2018 9:15,-6.07E-08,-2.09439517,2.094395035
4/17/2018 9:30,-5.84E-08,-2.094395169,2.094395039
4/17/2018 9:45,-5.61E-08,-2.094395169,2.094395042
4/17/2018 10:00,-5.27E-08,-2.094395169,2.094395047
4/17/2018 10:15,-5.21E-08,-2.094395169,2.094395047
4/17/2018 10:30,-5.16E-08,-2.094395168,2.094395048
4/17/2018 10:45,-5.10E-08,-2.094395168,2.094395048
4/17/2018 11:00,-5.05E-08,-2.094395168,2.094395049
4/17/2018 11:15,-5.01E-08,-2.094395167,2.094395049
4/17/2018 11:30,-5.13E-08,-2.094395167,2.09439505
4/17/2018 11:45,-5.12E-08,-2.094395167,2.094395049
4/17/2018 12:00,-5.18E-08,-2.094395167,2.094395047
4/17/2018 12:15,-5.12E-08,-2.094395167,2.094395047
4/17/2018 12:30,-5.24E-08,-2.094395167,2.094395046
4/17/2018 12:45,-5.22E-08,-2.094395167,2.094395046
4/17/2018 13:00,-5.19E-08,-2.094395167,2.094395047
4/17/2018 13:15,-5.01E-08,-2.094395168,2.09439505
4/17/2018 13:30,-4.81E-08,-2.094395168,2.094395054
4/17/2018 13:45,-4.70E-08,-2.094395169,2.094395056
4/17/2018 14:00,-4.48E-08,-2.094395168,2.094395058
4/17/2018 14:15,-4.62E-08,-2.094395168,2.094395055
4/17/2018 14:30,-4.83E-08,-2.094395168,2.094395052
4/17/2018 14:45,-4.67E-08,-2.094395168,2.094395054
4/17/2018 15:00,-4.56E-08,-2.094395168,2.094395056
4/17/2018 15:15,-4.45E-08,-2.094395168,2.094395058
4/17/2018 15:30,-4.26E-08,-2.094395166,2.094395061
4/17/2018 15:45,-4.41E-08,-2.094395165,2.09439506
4/17/2018 16:00,-4.47E-08,-2.094395165,2.094395058
4/17/2018 16:15,-4.59E-08,-2.094395164,2.094395057
4/17/2018 16:30,-4.70E-08,-2.094395164,2.094395055
4/17/2018 16:45,-4.80E-08,-2.094395164,2.094395053
4/17/2018 17:00,-4.81E-08,-2.094395163,2.094395051
4/17/2018 17:15,-4.96E-08,-2.094395163,2.09439505
4/17/2018 17:30,-5.05E-08,-2.094395163,2.094395048
4/17/2018 17:45,-4.98E-08,-2.09439516,2.094395048
4/17/2018 18:00,-5.12E-08,-2.094395159,2.094395047
4/17/2018 18:15,-5.51E-08,-2.094395161,2.094395042
4/17/2018 18:30,-5.54E-08,-2.094395162,2.09439504
4/17/2018 18:45,-5.46E-08,-2.094395162,2.094395041
4/18/2018 7:00,-5.85E-08,-2.094395167,2.094395037
4/18/2018 7:15,-5.80E-08,-2.094395167,2.094395038
4/18/2018 7:30,-5.76E-08,-2.094395167,2.09439504
4/18/2018 7:45,-5.65E-08,-2.094395168,2.094395041
4/18/2018 8:00,-5.47E-08,-2.094395168,2.094395044
4/18/2018 8:15,-5.34E-08,-2.094395168,2.094395046
4/18/2018 8:30,-5.12E-08,-2.094395168,2.094395047
4/18/2018 8:45,-4.96E-08,-2.094395168,2.094395049
4/18/2018 9:00,-4.86E-08,-2.094395168,2.094395052
4/18/2018 9:15,-4.73E-08,-2.094395168,2.094395054
4/18/2018 9:30,-4.56E-08,-2.094395168,2.094395056
4/18/2018 9:45,-4.44E-08,-2.094395168,2.094395058
4/18/2018 10:00,-4.32E-08,-2.094395168,2.09439506
4/18/2018 10:15,-4.18E-08,-2.094395167,2.094395061
4/18/2018 10:30,-4.09E-08,-2.094395167,2.094395063
4/18/2018 10:45,-4.05E-08,-2.094395167,2.094395064
4/18/2018 11:00,-4.01E-08,-2.094395168,2.094395064
4/18/2018 11:15,-4.06E-08,-2.094395168,2.094395064
4/18/2018 11:30,-4.33E-08,-2.094395168,2.094395063
4/18/2018 11:45,-4.46E-08,-2.094395168,2.094395063
4/18/2018 12:00,-4.43E-08,-2.094395168,2.094395063
4/18/2018 12:15,-4.12E-08,-2.094395167,2.094395064
4/18/2018 12:30,-4.01E-08,-2.094395166,2.094395065
4/18/2018 12:45,-3.96E-08,-2.094395166,2.094395065
4/18/2018 13:00,-3.99E-08,-2.094395167,2.094395065
4/18/2018 13:15,-4.08E-08,-2.094395168,2.094395064
4/18/2018 13:30,-4.13E-08,-2.094395168,2.094395063
4/18/2018 13:45,-4.18E-08,-2.094395169,2.094395063
4/18/2018 14:00,-4.19E-08,-2.09439517,2.094395062
4/18/2018 14:15,-4.20E-08,-2.094395169,2.094395062
4/18/2018 14:30,-4.21E-08,-2.094395169,2.094395062
4/18/2018 14:45,-4.24E-08,-2.094395169,2.094395061
4/18/2018 15:00,-4.32E-08,-2.094395168,2.09439506
4/18/2018 15:15,-4.50E-08,-2.094395169,2.094395058
4/18/2018 15:30,-4.48E-08,-2.094395167,2.094395058
4/18/2018 15:45,-4.57E-08,-2.094395166,2.094395057
4/18/2018 16:00,-4.61E-08,-2.094395166,2.094395055
4/18/2018 16:15,-4.72E-08,-2.094395166,2.094395053
4/18/2018 16:30,-4.96E-08,-2.094395165,2.094395052
4/18/2018 16:45,-5.19E-08,-2.094395164,2.09439505
4/18/2018 17:00,-5.33E-08,-2.094395164,2.094395049
4/18/2018 17:15,-5.22E-08,-2.094395163,2.094395047
4/18/2018 17:30,-5.21E-08,-2.094395162,2.094395045
4/18/2018 17:45,-5.25E-08,-2.094395162,2.094395044
4/18/2018 18:00,-5.25E-08,-2.094395161,2.094395044
4/18/2018 18:15,-5.61E-08,-2.094395163,2.09439504
4/18/2018 18:30,-5.68E-08,-2.094395164,2.094395038
4/18/2018 18:45,-5.63E-08,-2.094395164,2.094395038
4/19/2018 7:00,-6.31E-08,-2.094395168,2.094395035
4/19/2018 7:15,-6.23E-08,-2.094395169,2.094395035
4/19/2018 7:30,-6.26E-08,-2.094395169,2.094395036
4/19/2018 7:45,-5.96E-08,-2.09439517,2.094395037
4/19/2018 8:00,-5.86E-08,-2.09439517,2.094395039
4/19/2018 8:15,-5.73E-08,-2.094395171,2.09439504
4/19/2018 8:30,-5.58E-08,-2.094395171,2.094395042
4/19/2018 8:45,-5.42E-08,-2.094395171,2.094395044
4/19/2018 9:00,-5.36E-08,-2.094395171,2.094395045
4/19/2018 9:15,-5.29E-08,-2.094395171,2.094395046
4/19/2018 9:30,-5.11E-08,-2.09439517,2.094395049
4/19/2018 9:45,-4.92E-08,-2.09439517,2.094395052
4/19/2018 10:00,-4.66E-08,-2.09439517,2.094395056
4/19/2018 10:15,-4.56E-08,-2.09439517,2.094395057
4/19/2018 10:30,-4.45E-08,-2.09439517,2.094395059
4/19/2018 10:45,-4.49E-08,-2.09439517,2.09439506
4/19/2018 11:00,-4.50E-08,-2.094395169,2.09439506
4/19/2018 11:15,-4.66E-08,-2.094395169,2.094395058
4/19/2018 11:30,-4.89E-08,-2.09439517,2.094395055
4/19/2018 11:45,-4.77E-08,-2.09439517,2.094395055
4/19/2018 12:00,-4.75E-08,-2.09439517,2.094395056
4/19/2018 12:15,-4.76E-08,-2.09439517,2.094395057
4/19/2018 12:30,-4.68E-08,-2.094395169,2.094395058
4/19/2018 12:45,-4.65E-08,-2.094395169,2.094395058
4/19/2018 13:00,-4.68E-08,-2.09439517,2.094395058
4/19/2018 13:15,-4.55E-08,-2.094395171,2.094395061
4/19/2018 13:30,-4.54E-08,-2.094395171,2.094395061
4/19/2018 13:45,-4.50E-08,-2.094395171,2.09439506
4/19/2018 14:00,-4.47E-08,-2.094395171,2.094395059
4/19/2018 14:15,-4.48E-08,-2.094395171,2.094395059
4/19/2018 14:30,-4.49E-08,-2.094395171,2.094395059
4/19/2018 14:45,-4.53E-08,-2.094395171,2.094395058
4/19/2018 15:00,-4.55E-08,-2.09439517,2.094395057
4/19/2018 15:15,-4.66E-08,-2.09439517,2.094395055
4/19/2018 15:30,-4.63E-08,-2.094395168,2.094395054
4/19/2018 15:45,-4.69E-08,-2.094395168,2.094395053
4/19/2018 16:00,-4.73E-08,-2.094395168,2.094395052
4/19/2018 16:15,-4.79E-08,-2.094395166,2.094395051
4/19/2018 16:30,-4.88E-08,-2.094395165,2.09439505
4/19/2018 16:45,-4.98E-08,-2.094395165,2.094395049
4/19/2018 17:00,-5.05E-08,-2.094395164,2.094395047
4/19/2018 17:15,-5.13E-08,-2.094395164,2.094395046
4/19/2018 17:30,-5.12E-08,-2.094395162,2.094395045
4/19/2018 17:45,-5.26E-08,-2.094395163,2.094395043
4/19/2018 18:00,-5.26E-08,-2.094395162,2.094395042
4/19/2018 18:15,-5.66E-08,-2.094395164,2.094395038
4/19/2018 18:30,-5.74E-08,-2.094395165,2.094395036
4/19/2018 18:45,-5.73E-08,-2.094395164,2.094395037
4/20/2018 7:00,-3.01E-08,-2.094395141,2.09439506
4/20/2018 7:15,-2.92E-08,-2.094395141,2.094395062
4/20/2018 7:30,-2.90E-08,-2.094395142,2.094395063
4/20/2018 7:45,-2.86E-08,-2.094395142,2.094395065
4/20/2018 8:00,-2.68E-08,-2.094395142,2.094395068
4/20/2018 8:15,-2.55E-08,-2.094395142,2.094395069
4/20/2018 8:30,-2.61E-08,-2.094395144,2.094395069
4/20/2018 8:45,-2.43E-08,-2.094395144,2.094395072
4/20/2018 9:00,-2.28E-08,-2.094395144,2.094395073
4/20/2018 9:15,-2.15E-08,-2.094395143,2.094395076
4/20/2018 9:30,-1.98E-08,-2.094395143,2.094395078
4/20/2018 9:45,-1.86E-08,-2.094395143,2.09439508
4/20/2018 10:00,-1.75E-08,-2.094395143,2.094395082
4/20/2018 10:15,-1.65E-08,-2.094395143,2.094395083
4/20/2018 10:30,-1.56E-08,-2.094395143,2.094395085
4/20/2018 10:45,-1.52E-08,-2.094395143,2.094395086
4/20/2018 11:00,-1.44E-08,-2.094395143,2.094395086
4/20/2018 11:15,-1.40E-08,-2.094395142,2.094395086
4/20/2018 11:30,-1.58E-08,-2.094395143,2.094395086
4/20/2018 11:45,-1.60E-08,-2.094395143,2.094395086
4/20/2018 12:00,-1.69E-08,-2.094395143,2.094395085
4/20/2018 12:15,-1.46E-08,-2.094395141,2.094395087
4/20/2018 12:30,-1.31E-08,-2.094395141,2.094395087
4/20/2018 12:45,-1.18E-08,-2.09439514,2.094395088
4/20/2018 13:00,-1.14E-08,-2.09439514,2.094395088
4/20/2018 13:15,-1.30E-08,-2.094395141,2.094395087
4/20/2018 13:30,-1.35E-08,-2.094395142,2.094395087
4/20/2018 13:45,-1.36E-08,-2.094395143,2.094395086
4/20/2018 14:00,-1.57E-08,-2.094395143,2.094395086
4/20/2018 14:15,-1.55E-08,-2.094395144,2.094395086
4/20/2018 14:30,-1.52E-08,-2.094395144,2.094395085
4/20/2018 14:45,-1.73E-08,-2.094395144,2.094395083
4/20/2018 15:00,-1.82E-08,-2.094395145,2.094395081
4/20/2018 15:15,-1.85E-08,-2.094395144,2.094395079
4/20/2018 15:30,-2.09E-08,-2.094395143,2.094395077
4/20/2018 15:45,-2.16E-08,-2.094395143,2.094395075
4/20/2018 16:00,-2.19E-08,-2.094395143,2.094395074
4/20/2018 16:15,-2.41E-08,-2.094395143,2.094395072
4/20/2018 16:30,-2.46E-08,-2.094395144,2.09439507
4/20/2018 16:45,-2.49E-08,-2.094395144,2.094395069
4/20/2018 17:00,-2.61E-08,-2.094395143,2.094395068
4/20/2018 17:15,-2.71E-08,-2.094395142,2.094395066
4/20/2018 17:30,-2.77E-08,-2.094395142,2.094395064
4/20/2018 17:45,-2.90E-08,-2.094395143,2.094395063
4/20/2018 18:00,-2.99E-08,-2.094395143,2.094395061
4/20/2018 18:15,-3.33E-08,-2.094395144,2.094395057
4/20/2018 18:30,-3.43E-08,-2.094395144,2.094395055
4/20/2018 18:45,-3.63E-08,-2.094395146,2.094395054
4/21/2018 7:00,-2.27E-08,-2.09439513,2.094395073
4/21/2018 7:15,-2.18E-08,-2.09439513,2.094395074
4/21/2018 7:30,-2.09E-08,-2.09439513,2.094395076
4/21/2018 7:45,-1.97E-08,-2.094395131,2.094395078
4/21/2018 8:00,-1.78E-08,-2.094395129,2.094395081
4/21/2018 8:15,-1.68E-08,-2.09439513,2.094395083
4/21/2018 8:30,-1.66E-08,-2.094395131,2.094395083
4/21/2018 8:45,-1.52E-08,-2.09439513,2.094395085
4/21/2018 9:00,-1.38E-08,-2.09439513,2.094395088
4/21/2018 9:15,-1.23E-08,-2.09439513,2.09439509
4/21/2018 9:30,-1.06E-08,-2.09439513,2.094395093
4/21/2018 9:45,-9.79E-09,-2.09439513,2.094395094
4/21/2018 10:00,-8.95E-09,-2.09439513,2.094395096
4/21/2018 10:15,-8.63E-09,-2.09439513,2.094395096
4/21/2018 10:30,-8.16E-09,-2.094395131,2.094395096
4/21/2018 10:45,-8.13E-09,-2.09439513,2.094395096
4/21/2018 11:00,-9.51E-09,-2.09439513,2.094395096
4/21/2018 11:15,-8.20E-09,-2.094395131,2.094395096
4/21/2018 11:30,-8.66E-09,-2.09439513,2.094395096
4/21/2018 11:45,-7.56E-09,-2.09439513,2.094395097
4/21/2018 12:00,-7.41E-09,-2.094395131,2.094395098
4/21/2018 12:15,-7.57E-09,-2.094395131,2.094395098
4/21/2018 12:30,-7.62E-09,-2.094395132,2.094395098
4/21/2018 12:45,-6.89E-09,-2.094395131,2.094395099
4/21/2018 13:00,-6.60E-09,-2.094395131,2.094395098
4/21/2018 13:15,-7.36E-09,-2.094395131,2.094395098
4/21/2018 13:30,-6.58E-09,-2.094395132,2.094395098
4/21/2018 13:45,-6.58E-09,-2.094395132,2.094395098
4/21/2018 14:00,-7.57E-09,-2.094395132,2.094395097
4/21/2018 14:15,-7.00E-09,-2.094395132,2.094395098
4/21/2018 14:30,-6.99E-09,-2.094395132,2.094395098
4/21/2018 14:45,-8.91E-09,-2.094395132,2.094395096
4/21/2018 15:00,-9.90E-09,-2.094395133,2.094395094
4/21/2018 15:15,-1.04E-08,-2.094395133,2.094395092
4/21/2018 15:30,-1.24E-08,-2.094395133,2.09439509
4/21/2018 15:45,-1.29E-08,-2.094395133,2.094395088
4/21/2018 16:00,-1.32E-08,-2.094395133,2.094395087
4/21/2018 16:15,-1.53E-08,-2.094395133,2.094395085
4/21/2018 16:30,-1.61E-08,-2.094395132,2.094395084
4/21/2018 16:45,-1.67E-08,-2.094395131,2.094395083
4/21/2018 17:00,-1.78E-08,-2.094395131,2.094395081
4/21/2018 17:15,-1.91E-08,-2.094395131,2.094395079
4/21/2018 17:30,-2.00E-08,-2.094395132,2.094395077
4/21/2018 17:45,-2.15E-08,-2.094395132,2.094395075
4/21/2018 18:00,-2.31E-08,-2.094395132,2.094395073
4/21/2018 18:15,-2.82E-08,-2.094395134,2.094395068
4/21/2018 18:30,-3.25E-08,-2.094395135,2.094395065
4/21/2018 18:45,-3.40E-08,-2.094395136,2.094395064
4/22/2018 7:00,-6.04E-08,-2.094395168,2.094395035
4/22/2018 7:15,-6.09E-08,-2.09439517,2.094395035
4/22/2018 7:30,-5.92E-08,-2.09439517,2.094395036
4/22/2018 7:45,-5.90E-08,-2.094395172,2.094395037
4/22/2018 8:00,-5.93E-08,-2.094395172,2.094395039
4/22/2018 8:15,-5.72E-08,-2.094395171,2.09439504
4/22/2018 8:30,-5.62E-08,-2.094395172,2.094395042
4/22/2018 8:45,-5.56E-08,-2.094395173,2.094395043
4/22/2018 9:00,-5.44E-08,-2.094395172,2.094395044
4/22/2018 9:15,-5.36E-08,-2.094395172,2.094395046
4/22/2018 9:30,-5.25E-08,-2.094395173,2.094395048
4/22/2018 9:45,-5.14E-08,-2.094395173,2.09439505
4/22/2018 10:00,-4.99E-08,-2.094395173,2.094395053
4/22/2018 10:15,-4.87E-08,-2.094395173,2.094395055
4/22/2018 10:30,-4.68E-08,-2.094395172,2.094395058
4/22/2018 10:45,-4.61E-08,-2.094395172,2.094395059
4/22/2018 11:00,-4.59E-08,-2.094395172,2.094395059
4/22/2018 11:15,-4.59E-08,-2.094395172,2.094395059
4/22/2018 11:30,-4.72E-08,-2.094395173,2.094395058
4/22/2018 11:45,-4.67E-08,-2.094395174,2.094395058
4/22/2018 12:00,-4.71E-08,-2.094395173,2.094395057
4/22/2018 12:15,-4.63E-08,-2.094395173,2.094395058
4/22/2018 12:30,-4.52E-08,-2.094395172,2.094395059
4/22/2018 12:45,-4.52E-08,-2.094395172,2.094395059
4/22/2018 13:00,-4.60E-08,-2.094395173,2.094395059
4/22/2018 13:15,-4.77E-08,-2.094395174,2.094395058
4/22/2018 13:30,-4.81E-08,-2.094395174,2.094395057
4/22/2018 13:45,-4.95E-08,-2.094395176,2.094395055
4/22/2018 14:00,-4.96E-08,-2.094395176,2.094395055
4/22/2018 14:15,-5.02E-08,-2.094395176,2.094395054
4/22/2018 14:30,-5.12E-08,-2.094395176,2.094395053
4/22/2018 14:45,-5.10E-08,-2.094395176,2.094395053
4/22/2018 15:00,-5.10E-08,-2.094395175,2.094395053
4/22/2018 15:15,-5.23E-08,-2.094395175,2.09439505
4/22/2018 15:30,-5.16E-08,-2.094395173,2.094395051
4/22/2018 15:45,-5.35E-08,-2.094395172,2.094395047
4/22/2018 16:00,-5.51E-08,-2.094395171,2.094395044
4/22/2018 16:15,-5.41E-08,-2.09439517,2.094395045
4/22/2018 16:30,-5.42E-08,-2.094395169,2.094395046
4/22/2018 16:45,-5.53E-08,-2.094395168,2.094395044
4/22/2018 17:00,-5.60E-08,-2.094395169,2.094395042
4/22/2018 17:15,-5.68E-08,-2.094395168,2.09439504
4/22/2018 17:30,-5.70E-08,-2.094395167,2.094395039
4/22/2018 17:45,-5.66E-08,-2.094395165,2.09439504
4/22/2018 18:00,-5.54E-08,-2.094395163,2.09439504
4/22/2018 18:15,-5.97E-08,-2.094395166,2.094395036
4/22/2018 18:30,-6.11E-08,-2.094395166,2.094395034
4/22/2018 18:45,-5.96E-08,-2.094395165,2.094395035
4/23/2018 7:00,-6.01E-08,-2.094395166,2.094395034
4/23/2018 7:15,-6.11E-08,-2.094395168,2.094395033
4/23/2018 7:30,-6.18E-08,-2.094395169,2.094395032
4/23/2018 7:45,-6.32E-08,-2.09439517,2.094395031
4/23/2018 8:00,-6.50E-08,-2.09439517,2.094395031
4/23/2018 8:15,-6.51E-08,-2.094395171,2.094395032
4/23/2018 8:30,-6.47E-08,-2.094395171,2.094395031
4/23/2018 8:45,-6.44E-08,-2.094395171,2.094395031
4/23/2018 9:00,-6.41E-08,-2.09439517,2.094395032
4/23/2018 9:15,-6.33E-08,-2.09439517,2.094395033
4/23/2018 9:30,-6.24E-08,-2.09439517,2.094395036
4/23/2018 9:45,-6.13E-08,-2.09439517,2.094395036
4/23/2018 10:00,-5.89E-08,-2.09439517,2.094395037
4/23/2018 10:15,-5.87E-08,-2.09439517,2.094395037
4/23/2018 10:30,-5.88E-08,-2.09439517,2.094395038
4/23/2018 10:45,-5.66E-08,-2.094395169,2.094395041
4/23/2018 11:00,-5.54E-08,-2.094395169,2.094395045
4/23/2018 11:15,-5.21E-08,-2.094395169,2.094395047
4/23/2018 11:30,-5.10E-08,-2.094395169,2.09439505
4/23/2018 11:45,-5.03E-08,-2.094395169,2.09439505
4/23/2018 12:00,-5.06E-08,-2.094395169,2.094395049
4/23/2018 12:15,-4.83E-08,-2.094395169,2.094395052
4/23/2018 12:30,-4.59E-08,-2.094395167,2.094395056
4/23/2018 12:45,-4.57E-08,-2.094395167,2.094395056
4/23/2018 13:00,-4.64E-08,-2.094395168,2.094395056
4/23/2018 13:15,-4.74E-08,-2.094395169,2.094395055
4/23/2018 13:30,-4.76E-08,-2.094395169,2.094395055
4/23/2018 13:45,-4.85E-08,-2.09439517,2.094395054
4/23/2018 14:00,-4.87E-08,-2.09439517,2.094395054
4/23/2018 14:15,-4.82E-08,-2.09439517,2.094395055
4/23/2018 14:30,-4.73E-08,-2.09439517,2.094395057
4/23/2018 14:45,-4.86E-08,-2.09439517,2.094395057
4/23/2018 15:00,-4.76E-08,-2.09439517,2.094395056
4/23/2018 15:15,-4.82E-08,-2.09439517,2.094395055
4/23/2018 15:30,-4.66E-08,-2.094395168,2.094395055
4/23/2018 15:45,-4.74E-08,-2.094395167,2.094395054
4/23/2018 16:00,-4.80E-08,-2.094395166,2.094395053
4/23/2018 16:15,-4.90E-08,-2.094395166,2.094395052
4/23/2018 16:30,-5.00E-08,-2.094395166,2.094395051
4/23/2018 16:45,-5.06E-08,-2.094395165,2.094395049
4/23/2018 17:00,-5.13E-08,-2.094395164,2.094395047
4/23/2018 17:15,-5.19E-08,-2.094395163,2.094395046
4/23/2018 17:30,-5.30E-08,-2.094395163,2.094395044
4/23/2018 17:45,-5.48E-08,-2.094395163,2.094395041
4/23/2018 18:00,-5.53E-08,-2.094395163,2.094395039
4/23/2018 18:15,-5.81E-08,-2.094395165,2.094395036
4/23/2018 18:30,-5.91E-08,-2.094395165,2.094395035
4/23/2018 18:45,-5.78E-08,-2.094395165,2.094395036
4/24/2018 7:00,-6.19E-08,-2.094395167,2.094395033
4/24/2018 7:15,-6.07E-08,-2.094395167,2.094395033
4/24/2018 7:30,-6.10E-08,-2.094395168,2.094395033
4/24/2018 7:45,-6.15E-08,-2.094395169,2.094395032
4/24/2018 8:00,-6.08E-08,-2.094395169,2.094395033
4/24/2018 8:15,-5.93E-08,-2.094395169,2.094395036
4/24/2018 8:30,-5.73E-08,-2.094395169,2.094395037
4/24/2018 8:45,-5.66E-08,-2.094395169,2.094395039
4/24/2018 9:00,-5.56E-08,-2.094395169,2.094395041
4/24/2018 9:15,-5.63E-08,-2.09439517,2.094395041
4/24/2018 9:30,-5.60E-08,-2.09439517,2.094395041
4/24/2018 9:45,-5.52E-08,-2.094395169,2.094395043
4/24/2018 10:00,-5.40E-08,-2.094395169,2.094395046
4/24/2018 10:15,-5.23E-08,-2.094395169,2.094395049
4/24/2018 10:30,-4.98E-08,-2.094395169,2.094395051
4/24/2018 10:45,-4.76E-08,-2.094395168,2.094395055
4/24/2018 11:00,-4.55E-08,-2.094395168,2.094395059
4/24/2018 11:15,-4.44E-08,-2.094395168,2.094395059
4/24/2018 11:30,-4.53E-08,-2.094395168,2.09439506
4/24/2018 11:45,-4.35E-08,-2.094395168,2.094395062
4/24/2018 12:00,-4.33E-08,-2.094395168,2.094395062
4/24/2018 12:15,-4.24E-08,-2.094395167,2.094395063
4/24/2018 12:30,-4.16E-08,-2.094395167,2.094395064
4/24/2018 12:45,-4.04E-08,-2.094395167,2.094395064
4/24/2018 13:00,-4.08E-08,-2.094395167,2.094395064
4/24/2018 13:15,-4.21E-08,-2.094395168,2.094395063
4/24/2018 13:30,-4.31E-08,-2.094395169,2.094395062
4/24/2018 13:45,-4.39E-08,-2.094395169,2.094395061
4/24/2018 14:00,-4.41E-08,-2.094395169,2.094395061
4/24/2018 14:15,-4.37E-08,-2.09439517,2.094395061
4/24/2018 14:30,-4.40E-08,-2.09439517,2.094395061
4/24/2018 14:45,-4.59E-08,-2.094395171,2.094395059
4/24/2018 15:00,-4.66E-08,-2.094395171,2.094395057
4/24/2018 15:15,-4.74E-08,-2.094395171,2.094395056
4/24/2018 15:30,-4.66E-08,-2.094395169,2.094395056
4/24/2018 15:45,-4.74E-08,-2.094395168,2.094395055
4/24/2018 16:00,-4.82E-08,-2.094395168,2.094395053
4/24/2018 16:15,-4.92E-08,-2.094395167,2.094395052
4/24/2018 16:30,-5.06E-08,-2.094395166,2.09439505
4/24/2018 16:45,-5.09E-08,-2.094395166,2.094395049
4/24/2018 17:00,-5.17E-08,-2.094395166,2.094395047
4/24/2018 17:15,-5.24E-08,-2.094395164,2.094395046
4/24/2018 17:30,-5.29E-08,-2.094395163,2.094395045
4/24/2018 17:45,-5.43E-08,-2.094395164,2.094395044
4/24/2018 18:00,-5.49E-08,-2.094395163,2.094395043
4/24/2018 18:15,-5.78E-08,-2.094395165,2.09439504
4/24/2018 18:30,-5.94E-08,-2.094395164,2.094395038
4/24/2018 18:45,-5.79E-08,-2.094395162,2.094395038
4/25/2018 7:00,-6.06E-08,-2.094395166,2.094395034
4/25/2018 7:15,-6.24E-08,-2.094395166,2.094395034
4/25/2018 7:30,-6.26E-08,-2.094395167,2.094395034
4/25/2018 7:45,-6.31E-08,-2.094395168,2.094395033
4/25/2018 8:00,-6.10E-08,-2.094395168,2.094395034
4/25/2018 8:15,-5.98E-08,-2.094395169,2.094395035
4/25/2018 8:30,-5.93E-08,-2.094395169,2.094395034
4/25/2018 8:45,-5.87E-08,-2.094395169,2.094395035
4/25/2018 9:00,-5.92E-08,-2.094395169,2.094395037
4/25/2018 9:15,-5.87E-08,-2.094395169,2.094395038
4/25/2018 9:30,-5.78E-08,-2.094395168,2.09439504
4/25/2018 9:45,-5.58E-08,-2.094395168,2.094395041
4/25/2018 10:00,-5.49E-08,-2.094395168,2.094395041
4/25/2018 10:15,-5.44E-08,-2.094395168,2.094395043
4/25/2018 10:30,-5.35E-08,-2.094395168,2.094395044
4/25/2018 10:45,-5.12E-08,-2.094395168,2.094395047
4/25/2018 11:00,-4.88E-08,-2.094395168,2.094395051
4/25/2018 11:15,-4.63E-08,-2.094395167,2.094395055
4/25/2018 11:30,-4.46E-08,-2.094395167,2.094395059
4/25/2018 11:45,-4.25E-08,-2.094395168,2.094395062
4/25/2018 12:00,-4.17E-08,-2.094395168,2.094395063
4/25/2018 12:15,-3.98E-08,-2.094395166,2.094395065
4/25/2018 12:30,-3.86E-08,-2.094395165,2.094395066
4/25/2018 12:45,-3.81E-08,-2.094395165,2.094395066
4/25/2018 13:00,-3.93E-08,-2.094395166,2.094395066
4/25/2018 13:15,-4.09E-08,-2.094395167,2.094395065
4/25/2018 13:30,-4.17E-08,-2.094395168,2.094395064
4/25/2018 13:45,-4.22E-08,-2.094395168,2.094395064
4/25/2018 14:00,-4.17E-08,-2.094395168,2.094395063
4/25/2018 14:15,-4.15E-08,-2.094395168,2.094395063
4/25/2018 14:30,-4.16E-08,-2.094395168,2.094395063
4/25/2018 14:45,-4.18E-08,-2.094395168,2.094395062
4/25/2018 15:00,-4.35E-08,-2.094395168,2.09439506
4/25/2018 15:15,-4.46E-08,-2.094395169,2.094395058
4/25/2018 15:30,-4.37E-08,-2.094395167,2.094395059
4/25/2018 15:45,-4.44E-08,-2.094395166,2.094395057
4/25/2018 16:00,-4.52E-08,-2.094395166,2.094395056
4/25/2018 16:15,-4.62E-08,-2.094395166,2.094395054
4/25/2018 16:30,-4.76E-08,-2.094395164,2.094395053
4/25/2018 16:45,-4.85E-08,-2.094395164,2.094395051
4/25/2018 17:00,-4.94E-08,-2.094395164,2.094395049
4/25/2018 17:15,-5.00E-08,-2.094395164,2.094395048
4/25/2018 17:30,-4.92E-08,-2.094395161,2.094395048
4/25/2018 17:45,-4.94E-08,-2.09439516,2.094395047
4/25/2018 18:00,-4.94E-08,-2.094395159,2.094395046
4/25/2018 18:15,-5.56E-08,-2.094395163,2.094395041
4/25/2018 18:30,-5.61E-08,-2.094395162,2.094395039
4/25/2018 18:45,-5.50E-08,-2.094395161,2.094395039
4/26/2018 7:00,-5.82E-08,-2.094395168,2.094395037
4/26/2018 7:15,-5.86E-08,-2.094395169,2.094395037
4/26/2018 7:30,-5.92E-08,-2.094395169,2.094395036
4/26/2018 7:45,-5.90E-08,-2.094395169,2.094395036
4/26/2018 8:00,-5.74E-08,-2.094395169,2.094395039
4/26/2018 8:15,-5.68E-08,-2.094395169,2.09439504
4/26/2018 8:30,-5.60E-08,-2.094395169,2.09439504
4/26/2018 8:45,-5.34E-08,-2.094395169,2.094395045
4/26/2018 9:00,-5.06E-08,-2.094395169,2.094395049
4/26/2018 9:15,-4.90E-08,-2.094395169,2.094395051
4/26/2018 9:30,-4.72E-08,-2.094395168,2.094395054
4/26/2018 9:45,-4.75E-08,-2.094395169,2.094395053
4/26/2018 10:00,-4.80E-08,-2.094395169,2.094395052
4/26/2018 10:15,-4.73E-08,-2.094395169,2.094395054
4/26/2018 10:30,-4.63E-08,-2.094395168,2.094395055
4/26/2018 10:45,-4.46E-08,-2.094395168,2.094395058
4/26/2018 11:00,-4.30E-08,-2.094395169,2.094395062
4/26/2018 11:15,-4.13E-08,-2.094395168,2.094395064
4/26/2018 11:30,-4.20E-08,-2.094395168,2.094395064
4/26/2018 11:45,-4.17E-08,-2.094395168,2.094395064
4/26/2018 12:00,-4.22E-08,-2.094395168,2.094395064
4/26/2018 12:15,-4.20E-08,-2.094395168,2.094395064
4/26/2018 12:30,-4.09E-08,-2.094395167,2.094395065
4/26/2018 12:45,-4.08E-08,-2.094395166,2.094395066
4/26/2018 13:00,-4.12E-08,-2.094395167,2.094395066
4/26/2018 13:15,-4.22E-08,-2.094395169,2.094395065
4/26/2018 13:30,-4.20E-08,-2.094395168,2.094395064
4/26/2018 13:45,-4.25E-08,-2.094395169,2.094395063
4/26/2018 14:00,-4.26E-08,-2.094395169,2.094395063
4/26/2018 14:15,-4.36E-08,-2.094395169,2.094395063
4/26/2018 14:30,-4.57E-08,-2.094395169,2.094395063
4/26/2018 14:45,-4.62E-08,-2.094395169,2.094395062
4/26/2018 15:00,-4.70E-08,-2.094395169,2.09439506
4/26/2018 15:15,-4.80E-08,-2.09439517,2.094395059
4/26/2018 15:30,-4.73E-08,-2.094395167,2.094395059
4/26/2018 15:45,-4.82E-08,-2.094395166,2.094395057
4/26/2018 16:00,-4.82E-08,-2.094395166,2.094395056
4/26/2018 16:15,-4.72E-08,-2.094395165,2.094395054
4/26/2018 16:30,-4.87E-08,-2.094395165,2.094395053
4/26/2018 16:45,-4.94E-08,-2.094395164,2.094395051
4/26/2018 17:00,-5.25E-08,-2.094395165,2.094395049
4/26/2018 17:15,-5.19E-08,-2.094395165,2.094395047
4/26/2018 17:30,-5.29E-08,-2.094395164,2.094395045
4/26/2018 17:45,-5.52E-08,-2.094395164,2.094395044
4/26/2018 18:00,-5.55E-08,-2.094395163,2.094395043
4/26/2018 18:15,-5.84E-08,-2.094395165,2.094395039
4/26/2018 18:30,-6.00E-08,-2.094395166,2.094395037
4/26/2018 18:45,-5.93E-08,-2.094395165,2.094395038
4/27/2018 7:00,-2.88E-08,-2.094395139,2.094395064
4/27/2018 7:15,-2.77E-08,-2.094395139,2.094395065
4/27/2018 7:30,-2.77E-08,-2.094395139,2.094395066
4/27/2018 7:45,-2.69E-08,-2.09439514,2.094395068
4/27/2018 8:00,-2.41E-08,-2.094395139,2.094395072
4/27/2018 8:15,-2.32E-08,-2.094395139,2.094395073
4/27/2018 8:30,-2.27E-08,-2.094395139,2.094395073
4/27/2018 8:45,-2.23E-08,-2.094395139,2.094395074
4/27/2018 9:00,-2.23E-08,-2.094395139,2.094395074
4/27/2018 9:15,-2.13E-08,-2.094395139,2.094395075
4/27/2018 9:30,-2.22E-08,-2.094395141,2.094395074
4/27/2018 9:45,-2.23E-08,-2.094395141,2.094395074
4/27/2018 10:00,-2.15E-08,-2.09439514,2.094395075
4/27/2018 10:15,-1.95E-08,-2.094395141,2.094395078
4/27/2018 10:30,-1.80E-08,-2.09439514,2.09439508
4/27/2018 10:45,-2.06E-08,-2.09439514,2.094395076
4/27/2018 11:00,-2.32E-08,-2.09439514,2.094395072
4/27/2018 11:15,-2.47E-08,-2.09439514,2.09439507
4/27/2018 11:30,-2.75E-08,-2.09439514,2.094395067
4/27/2018 11:45,-2.21E-08,-2.09439514,2.094395074
4/27/2018 12:00,-1.89E-08,-2.094395139,2.09439508
4/27/2018 12:15,-1.49E-08,-2.094395138,2.094395086
4/27/2018 12:30,-1.12E-08,-2.094395137,2.094395091
4/27/2018 12:45,-9.21E-09,-2.094395136,2.094395094
4/27/2018 13:00,-8.88E-09,-2.094395137,2.094395094
4/27/2018 13:15,-9.47E-09,-2.094395138,2.094395094
4/27/2018 13:30,-1.06E-08,-2.094395137,2.094395094
4/27/2018 13:45,-1.10E-08,-2.094395138,2.094395093
4/27/2018 14:00,-1.14E-08,-2.094395138,2.094395092
4/27/2018 14:15,-1.28E-08,-2.094395138,2.094395092
4/27/2018 14:30,-1.38E-08,-2.094395138,2.094395091
4/27/2018 14:45,-1.65E-08,-2.094395139,2.094395086
4/27/2018 15:00,-1.91E-08,-2.09439514,2.094395082
4/27/2018 15:15,-1.83E-08,-2.09439514,2.094395082
4/27/2018 15:30,-1.82E-08,-2.094395139,2.094395081
4/27/2018 15:45,-1.91E-08,-2.094395138,2.09439508
4/27/2018 16:00,-1.99E-08,-2.094395138,2.094395079
4/27/2018 16:15,-2.04E-08,-2.094395139,2.094395078
4/27/2018 16:30,-2.18E-08,-2.094395139,2.094395077
4/27/2018 16:45,-2.25E-08,-2.094395138,2.094395076
4/27/2018 17:00,-2.46E-08,-2.094395138,2.094395075
4/27/2018 17:15,-2.62E-08,-2.094395138,2.094395073
4/27/2018 17:30,-2.63E-08,-2.094395139,2.094395071
4/27/2018 17:45,-2.74E-08,-2.094395139,2.094395069
4/27/2018 18:00,-2.84E-08,-2.094395139,2.094395067
4/27/2018 18:15,-2.97E-08,-2.094395139,2.094395065
4/27/2018 18:30,-3.38E-08,-2.094395141,2.094395061
4/27/2018 18:45,-3.46E-08,-2.094395141,2.09439506
4/28/2018 7:00,-2.08E-08,-2.094395129,2.094395076
4/28/2018 7:15,-1.95E-08,-2.094395128,2.094395078
4/28/2018 7:30,-1.83E-08,-2.094395127,2.09439508
4/28/2018 7:45,-1.72E-08,-2.094395127,2.094395082
4/28/2018 8:00,-1.47E-08,-2.094395127,2.094395085
4/28/2018 8:15,-1.35E-08,-2.094395127,2.094395087
4/28/2018 8:30,-1.22E-08,-2.094395127,2.094395088
4/28/2018 8:45,-1.10E-08,-2.094395127,2.09439509
4/28/2018 9:00,-9.72E-09,-2.094395127,2.094395092
4/28/2018 9:15,-9.97E-09,-2.094395127,2.094395092
4/28/2018 9:30,-1.05E-08,-2.094395127,2.094395091
4/28/2018 9:45,-8.58E-09,-2.094395127,2.094395094
4/28/2018 10:00,-6.37E-09,-2.094395126,2.094395097
4/28/2018 10:15,-4.96E-09,-2.094395127,2.094395099
4/28/2018 10:30,-3.43E-09,-2.094395127,2.094395102
4/28/2018 10:45,-2.85E-09,-2.094395127,2.094395103
4/28/2018 11:00,-1.93E-09,-2.094395126,2.094395104
4/28/2018 11:15,-8.23E-10,-2.094395126,2.094395105
4/28/2018 11:30,-3.82E-09,-2.094395128,2.094395103
4/28/2018 11:45,-3.69E-09,-2.094395128,2.094395104
4/28/2018 12:00,-4.03E-09,-2.094395128,2.094395104
4/28/2018 12:15,-6.07E-09,-2.094395127,2.094395103
4/28/2018 12:30,-5.98E-09,-2.094395127,2.094395104
4/28/2018 12:45,-5.75E-09,-2.094395127,2.094395104
4/28/2018 13:00,-6.06E-09,-2.094395128,2.094395103
4/28/2018 13:15,-5.94E-09,-2.094395128,2.094395103
4/28/2018 13:30,-3.13E-09,-2.094395128,2.094395104
4/28/2018 13:45,-3.40E-09,-2.094395128,2.094395104
4/28/2018 14:00,-3.34E-09,-2.094395128,2.094395104
4/28/2018 14:15,-3.13E-09,-2.094395128,2.094395104
4/28/2018 14:30,-3.68E-09,-2.094395128,2.094395104
4/28/2018 14:45,-4.17E-09,-2.094395128,2.094395103
4/28/2018 15:00,-4.97E-09,-2.094395128,2.094395101
4/28/2018 15:15,-6.40E-09,-2.094395128,2.0943951
4/28/2018 15:30,-7.25E-09,-2.094395128,2.094395098
4/28/2018 15:45,-8.66E-09,-2.094395129,2.094395096
4/28/2018 16:00,-9.81E-09,-2.09439513,2.094395094
4/28/2018 16:15,-1.09E-08,-2.09439513,2.094395092
4/28/2018 16:30,-1.39E-08,-2.09439513,2.09439509
4/28/2018 16:45,-1.54E-08,-2.09439513,2.094395088
4/28/2018 17:00,-1.67E-08,-2.09439513,2.094395086
4/28/2018 17:15,-1.68E-08,-2.09439513,2.094395084
4/28/2018 17:30,-1.81E-08,-2.09439513,2.094395082
4/28/2018 17:45,-1.95E-08,-2.094395131,2.09439508
4/28/2018 18:00,-2.14E-08,-2.094395131,2.094395078
4/28/2018 18:15,-2.27E-08,-2.094395131,2.094395076
4/28/2018 18:30,-2.52E-08,-2.094395132,2.094395073
4/28/2018 18:45,-2.61E-08,-2.094395132,2.094395071
4/29/2018 7:00,-5.84E-08,-2.094395166,2.094395038
4/29/2018 7:15,-5.84E-08,-2.094395167,2.094395038
4/29/2018 7:30,-5.67E-08,-2.094395167,2.09439504
4/29/2018 7:45,-5.65E-08,-2.094395168,2.094395041
4/29/2018 8:00,-5.53E-08,-2.094395169,2.094395042
4/29/2018 8:15,-5.50E-08,-2.094395169,2.094395042
4/29/2018 8:30,-5.51E-08,-2.094395169,2.094395041
4/29/2018 8:45,-5.39E-08,-2.094395169,2.094395043
4/29/2018 9:00,-5.26E-08,-2.094395169,2.094395045
4/29/2018 9:15,-5.11E-08,-2.094395169,2.094395047
4/29/2018 9:30,-4.97E-08,-2.094395169,2.094395049
4/29/2018 9:45,-4.93E-08,-2.094395168,2.09439505
4/29/2018 10:00,-4.94E-08,-2.094395168,2.094395051
4/29/2018 10:15,-4.72E-08,-2.094395168,2.094395054
4/29/2018 10:30,-4.47E-08,-2.094395168,2.094395057
4/29/2018 10:45,-4.20E-08,-2.094395167,2.094395061
4/29/2018 11:00,-3.95E-08,-2.094395166,2.094395065
4/29/2018 11:15,-3.93E-08,-2.094395166,2.094395065
4/29/2018 11:30,-4.04E-08,-2.094395166,2.094395065
4/29/2018 11:45,-4.01E-08,-2.094395166,2.094395065
4/29/2018 12:00,-4.03E-08,-2.094395166,2.094395065
4/29/2018 12:15,-3.94E-08,-2.094395165,2.094395066
4/29/2018 12:30,-3.84E-08,-2.094395164,2.094395067
4/29/2018 12:45,-3.84E-08,-2.094395164,2.094395067
4/29/2018 13:00,-3.78E-08,-2.094395164,2.094395067
4/29/2018 13:15,-3.92E-08,-2.094395166,2.094395066
4/29/2018 13:30,-3.98E-08,-2.094395167,2.094395065
4/29/2018 13:45,-4.01E-08,-2.094395167,2.094395064
4/29/2018 14:00,-4.15E-08,-2.094395168,2.094395063
4/29/2018 14:15,-4.19E-08,-2.09439517,2.094395062
4/29/2018 14:30,-4.20E-08,-2.09439517,2.094395062
4/29/2018 14:45,-4.26E-08,-2.094395169,2.094395061
4/29/2018 15:00,-4.34E-08,-2.094395169,2.09439506
4/29/2018 15:15,-4.45E-08,-2.094395169,2.094395058
4/29/2018 15:30,-4.37E-08,-2.094395167,2.094395058
4/29/2018 15:45,-4.46E-08,-2.094395166,2.094395057
4/29/2018 16:00,-4.62E-08,-2.094395167,2.094395055
4/29/2018 16:15,-4.92E-08,-2.094395166,2.094395052
4/29/2018 16:30,-4.84E-08,-2.094395165,2.094395051
4/29/2018 16:45,-4.90E-08,-2.094395166,2.09439505
4/29/2018 17:00,-4.91E-08,-2.094395164,2.094395049
4/29/2018 17:15,-4.88E-08,-2.094395163,2.094395048
4/29/2018 17:30,-5.03E-08,-2.094395162,2.094395047
4/29/2018 17:45,-5.20E-08,-2.09439516,2.094395046
4/29/2018 18:00,-5.16E-08,-2.094395159,2.094395045
4/29/2018 18:15,-5.13E-08,-2.094395159,2.094395044
4/29/2018 18:30,-5.55E-08,-2.094395161,2.09439504
4/29/2018 18:45,-5.48E-08,-2.094395161,2.09439504
4/30/2018 7:00,-6.17E-08,-2.094395169,2.094395035
4/30/2018 7:15,-6.05E-08,-2.094395169,2.094395036
4/30/2018 7:30,-5.81E-08,-2.094395169,2.094395038
4/30/2018 7:45,-5.77E-08,-2.094395169,2.09439504
4/30/2018 8:00,-5.51E-08,-2.094395169,2.094395042
4/30/2018 8:15,-5.37E-08,-2.094395169,2.094395045
4/30/2018 8:30,-5.11E-08,-2.094395169,2.094395047
4/30/2018 8:45,-5.02E-08,-2.094395169,2.094395049
4/30/2018 9:00,-4.88E-08,-2.094395169,2.094395051
4/30/2018 9:15,-4.76E-08,-2.094395169,2.094395053
4/30/2018 9:30,-4.66E-08,-2.094395169,2.094395055
4/30/2018 9:45,-4.55E-08,-2.094395169,2.094395057
4/30/2018 10:00,-4.44E-08,-2.094395169,2.094395059
4/30/2018 10:15,-4.35E-08,-2.094395168,2.09439506
4/30/2018 10:30,-4.22E-08,-2.094395168,2.094395062
4/30/2018 10:45,-4.15E-08,-2.094395168,2.094395063
4/30/2018 11:00,-4.12E-08,-2.094395168,2.094395063
4/30/2018 11:15,-4.09E-08,-2.094395168,2.094395063
4/30/2018 11:30,-4.24E-08,-2.094395168,2.094395063
4/30/2018 11:45,-4.21E-08,-2.094395168,2.094395063
4/30/2018 12:00,-4.25E-08,-2.094395168,2.094395062
4/30/2018 12:15,-4.17E-08,-2.094395167,2.094395063
4/30/2018 12:30,-4.07E-08,-2.094395168,2.094395064
4/30/2018 12:45,-4.02E-08,-2.094395168,2.094395064
4/30/2018 13:00,-4.07E-08,-2.094395168,2.094395064
4/30/2018 13:15,-4.21E-08,-2.094395169,2.094395063
4/30/2018 13:30,-4.27E-08,-2.094395169,2.094395062
4/30/2018 13:45,-4.34E-08,-2.094395169,2.094395062
4/30/2018 14:00,-4.36E-08,-2.09439517,2.094395061
4/30/2018 14:15,-4.37E-08,-2.09439517,2.094395061
4/30/2018 14:30,-4.46E-08,-2.09439517,2.09439506
4/30/2018 14:45,-4.56E-08,-2.094395169,2.094395058
4/30/2018 15:00,-4.64E-08,-2.094395169,2.094395057
4/30/2018 15:15,-4.65E-08,-2.094395169,2.094395056
4/30/2018 15:30,-4.52E-08,-2.094395167,2.094395057
4/30/2018 15:45,-4.73E-08,-2.094395167,2.094395054
4/30/2018 16:00,-4.92E-08,-2.094395166,2.094395051
4/30/2018 16:15,-5.03E-08,-2.094395166,2.094395049
4/30/2018 16:30,-5.25E-08,-2.094395166,2.094395048
4/30/2018 16:45,-5.15E-08,-2.094395165,2.094395048
4/30/2018 17:00,-5.21E-08,-2.094395164,2.094395047
4/30/2018 17:15,-5.17E-08,-2.094395163,2.094395047
4/30/2018 17:30,-5.11E-08,-2.094395163,2.094395046
4/30/2018 17:45,-5.22E-08,-2.094395163,2.094395044
4/30/2018 18:00,-5.17E-08,-2.094395162,2.094395044
4/30/2018 18:15,-5.19E-08,-2.09439516,2.094395043
4/30/2018 18:30,-5.58E-08,-2.094395163,2.094395038
4/30/2018 18:45,-5.49E-08,-2.094395162,2.094395039
5/1/2018 7:00,-6.04E-08,-2.094395168,2.094395037
5/1/2018 7:15,-5.94E-08,-2.094395169,2.094395038
5/1/2018 7:30,-5.86E-08,-2.09439517,2.094395039
5/1/2018 7:45,-5.80E-08,-2.094395171,2.09439504
5/1/2018 8:00,-5.59E-08,-2.094395171,2.094395043
5/1/2018 8:15,-5.59E-08,-2.094395171,2.094395044
5/1/2018 8:30,-5.36E-08,-2.09439517,2.094395046
5/1/2018 8:45,-5.26E-08,-2.09439517,2.094395048
5/1/2018 9:00,-5.07E-08,-2.094395169,2.094395051
5/1/2018 9:15,-4.93E-08,-2.09439517,2.094395053
5/1/2018 9:30,-4.79E-08,-2.09439517,2.094395055
5/1/2018 9:45,-4.70E-08,-2.094395169,2.094395057
5/1/2018 10:00,-4.60E-08,-2.094395169,2.094395059
5/1/2018 10:15,-4.58E-08,-2.094395169,2.09439506
5/1/2018 10:30,-4.47E-08,-2.094395169,2.094395062
5/1/2018 10:45,-4.44E-08,-2.09439517,2.094395062
5/1/2018 11:00,-4.40E-08,-2.09439517,2.094395063
5/1/2018 11:15,-4.38E-08,-2.094395169,2.094395062
5/1/2018 11:30,-4.50E-08,-2.094395169,2.094395062
5/1/2018 11:45,-4.43E-08,-2.094395169,2.094395062
5/1/2018 12:00,-4.48E-08,-2.094395169,2.094395062
5/1/2018 12:15,-4.36E-08,-2.094395169,2.094395062
5/1/2018 12:30,-4.19E-08,-2.094395168,2.094395063
5/1/2018 12:45,-4.19E-08,-2.094395168,2.094395064
5/1/2018 13:00,-4.22E-08,-2.094395168,2.094395063
5/1/2018 13:15,-4.33E-08,-2.094395169,2.094395062
5/1/2018 13:30,-4.37E-08,-2.09439517,2.094395062
5/1/2018 13:45,-4.43E-08,-2.094395171,2.094395061
5/1/2018 14:00,-4.57E-08,-2.094395172,2.09439506
5/1/2018 14:15,-4.57E-08,-2.094395173,2.09439506
5/1/2018 14:30,-4.55E-08,-2.094395171,2.09439506
5/1/2018 14:45,-4.59E-08,-2.094395171,2.09439506
5/1/2018 15:00,-4.64E-08,-2.094395172,2.094395058
5/1/2018 15:15,-4.83E-08,-2.094395171,2.094395055
5/1/2018 15:30,-4.81E-08,-2.094395169,2.094395055
5/1/2018 15:45,-4.92E-08,-2.094395168,2.094395053
5/1/2018 16:00,-5.01E-08,-2.094395168,2.094395051
5/1/2018 16:15,-5.09E-08,-2.094395167,2.09439505
5/1/2018 16:30,-5.20E-08,-2.094395167,2.094395049
5/1/2018 16:45,-5.29E-08,-2.094395166,2.094395047
5/1/2018 17:00,-5.36E-08,-2.094395165,2.094395045
5/1/2018 17:15,-5.35E-08,-2.094395164,2.094395045
5/1/2018 17:30,-5.34E-08,-2.094395164,2.094395045
5/1/2018 17:45,-5.34E-08,-2.094395164,2.094395044
5/1/2018 18:00,-5.37E-08,-2.094395163,2.094395043
5/1/2018 18:15,-5.42E-08,-2.094395162,2.094395042
5/1/2018 18:30,-5.85E-08,-2.094395164,2.094395038
5/1/2018 18:45,-5.75E-08,-2.094395163,2.094395038
5/2/2018 7:00,-6.11E-08,-2.094395167,2.094395033
5/2/2018 7:15,-6.19E-08,-2.094395167,2.094395032
5/2/2018 7:30,-6.35E-08,-2.094395169,2.094395031
5/2/2018 7:45,-6.42E-08,-2.09439517,2.09439503
5/2/2018 8:00,-6.33E-08,-2.094395171,2.09439503
5/2/2018 8:15,-6.31E-08,-2.094395171,2.094395031
5/2/2018 8:30,-6.25E-08,-2.09439517,2.09439503
5/2/2018 8:45,-6.29E-08,-2.094395171,2.09439503
5/2/2018 9:00,-6.10E-08,-2.094395169,2.094395033
5/2/2018 9:15,-5.98E-08,-2.094395169,2.094395034
5/2/2018 9:30,-5.94E-08,-2.09439517,2.094395035
5/2/2018 9:45,-5.83E-08,-2.09439517,2.094395037
5/2/2018 10:00,-5.69E-08,-2.094395169,2.094395039
5/2/2018 10:15,-5.59E-08,-2.094395169,2.094395041
5/2/2018 10:30,-5.47E-08,-2.094395169,2.094395043
5/2/2018 10:45,-5.42E-08,-2.094395168,2.094395043
5/2/2018 11:00,-5.40E-08,-2.094395168,2.094395043
5/2/2018 11:15,-5.32E-08,-2.094395168,2.094395044
5/2/2018 11:30,-5.42E-08,-2.094395168,2.094395045
5/2/2018 11:45,-5.38E-08,-2.094395168,2.094395045
5/2/2018 12:00,-5.56E-08,-2.094395169,2.094395045
5/2/2018 12:15,-5.39E-08,-2.094395167,2.094395047
5/2/2018 12:30,-5.12E-08,-2.094395166,2.094395049
5/2/2018 12:45,-4.91E-08,-2.094395166,2.094395052
5/2/2018 13:00,-4.78E-08,-2.094395166,2.094395055
5/2/2018 13:15,-4.74E-08,-2.094395167,2.094395056
5/2/2018 13:30,-4.53E-08,-2.094395167,2.094395058
5/2/2018 13:45,-4.53E-08,-2.094395168,2.094395058
5/2/2018 14:00,-4.68E-08,-2.094395169,2.094395057
5/2/2018 14:15,-4.67E-08,-2.094395169,2.094395057
5/2/2018 14:30,-4.67E-08,-2.094395169,2.094395057
5/2/2018 14:45,-4.61E-08,-2.094395169,2.094395058
5/2/2018 15:00,-4.74E-08,-2.094395169,2.094395059
5/2/2018 15:15,-4.94E-08,-2.09439517,2.094395056
5/2/2018 15:30,-4.87E-08,-2.094395168,2.094395056
5/2/2018 15:45,-4.91E-08,-2.094395167,2.094395056
5/2/2018 16:00,-4.88E-08,-2.094395166,2.094395055
5/2/2018 16:15,-4.84E-08,-2.094395165,2.094395054
5/2/2018 16:30,-4.95E-08,-2.094395164,2.094395052
5/2/2018 16:45,-5.05E-08,-2.094395165,2.09439505
5/2/2018 17:00,-5.14E-08,-2.094395164,2.094395048
5/2/2018 17:15,-5.35E-08,-2.094395164,2.094395045
5/2/2018 17:30,-5.46E-08,-2.094395163,2.094395044
5/2/2018 17:45,-5.47E-08,-2.094395163,2.094395043
5/2/2018 18:00,-5.28E-08,-2.094395161,2.094395043
5/2/2018 18:15,-5.22E-08,-2.094395161,2.094395043
5/2/2018 18:30,-5.72E-08,-2.094395164,2.094395039
5/2/2018 18:45,-5.81E-08,-2.094395162,2.094395039
5/3/2018 7:00,-6.04E-08,-2.094395167,2.094395035
5/3/2018 7:15,-5.89E-08,-2.094395168,2.094395036
5/3/2018 7:30,-5.89E-08,-2.094395168,2.094395036
5/3/2018 7:45,-5.87E-08,-2.09439517,2.094395037
5/3/2018 8:00,-5.70E-08,-2.09439517,2.094395039
5/3/2018 8:15,-5.64E-08,-2.09439517,2.09439504
5/3/2018 8:30,-5.56E-08,-2.09439517,2.09439504
5/3/2018 8:45,-5.60E-08,-2.09439517,2.09439504
5/3/2018 9:00,-5.77E-08,-2.094395171,2.094395038
5/3/2018 9:15,-5.77E-08,-2.094395172,2.094395039
5/3/2018 9:30,-5.63E-08,-2.094395171,2.094395041
5/3/2018 9:45,-5.32E-08,-2.094395171,2.094395045
5/3/2018 10:00,-5.07E-08,-2.094395171,2.094395049
5/3/2018 10:15,-5.04E-08,-2.094395171,2.09439505
5/3/2018 10:30,-4.99E-08,-2.094395171,2.09439505
5/3/2018 10:45,-4.87E-08,-2.094395171,2.094395052
5/3/2018 11:00,-4.59E-08,-2.094395169,2.094395056
5/3/2018 11:15,-4.52E-08,-2.094395169,2.094395057
5/3/2018 11:30,-4.60E-08,-2.094395169,2.094395057
5/3/2018 11:45,-4.38E-08,-2.094395169,2.09439506
5/3/2018 12:00,-4.39E-08,-2.09439517,2.094395059
5/3/2018 12:15,-4.30E-08,-2.094395169,2.09439506
5/3/2018 12:30,-4.19E-08,-2.094395168,2.094395061
5/3/2018 12:45,-4.23E-08,-2.094395168,2.094395061
5/3/2018 13:00,-4.43E-08,-2.094395169,2.094395061
5/3/2018 13:15,-4.61E-08,-2.09439517,2.094395059
5/3/2018 13:30,-4.54E-08,-2.094395171,2.094395059
5/3/2018 13:45,-4.59E-08,-2.094395172,2.094395058
5/3/2018 14:00,-4.59E-08,-2.094395172,2.094395057
5/3/2018 14:15,-4.59E-08,-2.094395172,2.094395057
5/3/2018 14:30,-4.64E-08,-2.094395172,2.094395056
5/3/2018 14:45,-4.71E-08,-2.094395173,2.094395055
5/3/2018 15:00,-4.79E-08,-2.094395173,2.094395054
5/3/2018 15:15,-4.87E-08,-2.094395172,2.094395053
5/3/2018 15:30,-4.75E-08,-2.09439517,2.094395054
5/3/2018 15:45,-4.82E-08,-2.094395169,2.094395052
5/3/2018 16:00,-5.00E-08,-2.09439517,2.09439505
5/3/2018 16:15,-5.16E-08,-2.09439517,2.094395048
5/3/2018 16:30,-5.26E-08,-2.094395169,2.094395047
5/3/2018 16:45,-5.33E-08,-2.094395169,2.094395045
5/3/2018 17:00,-5.39E-08,-2.094395168,2.094395044
5/3/2018 17:15,-5.41E-08,-2.094395167,2.094395043
5/3/2018 17:30,-5.35E-08,-2.094395166,2.094395042
5/3/2018 17:45,-5.34E-08,-2.094395165,2.094395041
5/3/2018 18:00,-5.34E-08,-2.094395164,2.094395041
5/3/2018 18:15,-5.34E-08,-2.094395163,2.09439504
5/3/2018 18:30,-5.75E-08,-2.094395166,2.094395035
5/3/2018 18:45,-5.68E-08,-2.094395164,2.094395036
5/4/2018 7:00,-3.07E-08,-2.094395138,2.09439506
5/4/2018 7:15,-3.04E-08,-2.094395138,2.09439506
5/4/2018 7:30,-3.10E-08,-2.09439514,2.09439506
5/4/2018 7:45,-2.96E-08,-2.094395141,2.094395062
5/4/2018 8:00,-2.78E-08,-2.09439514,2.094395065
5/4/2018 8:15,-2.68E-08,-2.09439514,2.094395066
5/4/2018 8:30,-2.66E-08,-2.09439514,2.094395067
5/4/2018 8:45,-2.57E-08,-2.09439514,2.094395069
5/4/2018 9:00,-2.49E-08,-2.09439514,2.09439507
5/4/2018 9:15,-2.38E-08,-2.09439514,2.094395071
5/4/2018 9:30,-2.35E-08,-2.09439514,2.094395073
5/4/2018 9:45,-2.48E-08,-2.094395139,2.094395074
5/4/2018 10:00,-2.52E-08,-2.094395139,2.094395074
5/4/2018 10:15,-2.54E-08,-2.094395139,2.094395074
5/4/2018 10:30,-2.36E-08,-2.094395139,2.094395073
5/4/2018 10:45,-2.35E-08,-2.094395139,2.094395074
5/4/2018 11:00,-2.14E-08,-2.094395138,2.094395076
5/4/2018 11:15,-2.09E-08,-2.094395138,2.094395075
5/4/2018 11:30,-2.18E-08,-2.094395138,2.094395074
5/4/2018 11:45,-2.11E-08,-2.094395138,2.094395075
5/4/2018 12:00,-2.08E-08,-2.094395138,2.094395075
5/4/2018 12:15,-1.92E-08,-2.094395137,2.094395077
5/4/2018 12:30,-1.79E-08,-2.094395136,2.094395078
5/4/2018 12:45,-2.03E-08,-2.094395137,2.094395075
5/4/2018 13:00,-2.13E-08,-2.094395137,2.094395072
5/4/2018 13:15,-2.32E-08,-2.094395138,2.094395071
5/4/2018 13:30,-2.42E-08,-2.094395139,2.094395069
5/4/2018 13:45,-2.32E-08,-2.094395139,2.09439507
5/4/2018 14:00,-2.36E-08,-2.094395139,2.09439507
5/4/2018 14:15,-2.05E-08,-2.094395138,2.094395074
5/4/2018 14:30,-1.72E-08,-2.094395138,2.094395078
5/4/2018 14:45,-1.84E-08,-2.094395138,2.094395076
5/4/2018 15:00,-1.95E-08,-2.094395138,2.094395074
5/4/2018 15:15,-1.90E-08,-2.094395138,2.094395074
5/4/2018 15:30,-2.02E-08,-2.094395139,2.094395074
5/4/2018 15:45,-1.90E-08,-2.094395139,2.094395076
5/4/2018 16:00,-1.76E-08,-2.094395138,2.094395077
5/4/2018 16:15,-1.98E-08,-2.094395139,2.094395075
5/4/2018 16:30,-2.13E-08,-2.094395139,2.094395074
5/4/2018 16:45,-2.12E-08,-2.094395138,2.094395073
5/4/2018 17:00,-2.22E-08,-2.094395138,2.094395073
5/4/2018 17:15,-2.35E-08,-2.094395138,2.094395071
5/4/2018 17:30,-2.33E-08,-2.094395137,2.094395071
5/4/2018 17:45,-2.45E-08,-2.094395137,2.094395069
5/4/2018 18:00,-2.64E-08,-2.094395138,2.094395066
5/4/2018 18:15,-2.77E-08,-2.094395138,2.094395065
5/4/2018 18:30,-3.18E-08,-2.094395141,2.094395061
5/4/2018 18:45,-3.28E-08,-2.094395142,2.094395059
5/5/2018 7:00,-2.11E-08,-2.094395127,2.094395075
5/5/2018 7:15,-1.99E-08,-2.094395126,2.094395077
5/5/2018 7:30,-1.84E-08,-2.094395126,2.094395079
5/5/2018 7:45,-1.71E-08,-2.094395126,2.094395082
5/5/2018 8:00,-1.51E-08,-2.094395126,2.094395085
5/5/2018 8:15,-1.38E-08,-2.094395126,2.094395087
5/5/2018 8:30,-1.25E-08,-2.094395126,2.094395089
5/5/2018 8:45,-1.09E-08,-2.094395126,2.094395091
5/5/2018 9:00,-1.02E-08,-2.094395126,2.094395093
5/5/2018 9:15,-7.94E-09,-2.094395125,2.094395096
5/5/2018 9:30,-7.33E-09,-2.094395126,2.094395097
5/5/2018 9:45,-6.26E-09,-2.094395126,2.094395099
5/5/2018 10:00,-4.79E-09,-2.094395125,2.094395101
5/5/2018 10:15,-3.35E-09,-2.094395125,2.094395103
5/5/2018 10:30,-2.09E-09,-2.094395125,2.094395105
5/5/2018 10:45,-1.82E-09,-2.094395126,2.094395105
5/5/2018 11:00,-1.37E-09,-2.094395125,2.094395105
5/5/2018 11:15,-1.60E-09,-2.094395125,2.094395105
5/5/2018 11:30,-2.03E-09,-2.094395126,2.094395105
5/5/2018 11:45,-1.48E-09,-2.094395126,2.094395105
5/5/2018 12:00,-2.27E-09,-2.094395126,2.094395105
5/5/2018 12:15,-4.15E-09,-2.094395125,2.094395105
5/5/2018 12:30,-4.14E-09,-2.094395126,2.094395105
5/5/2018 12:45,-4.80E-09,-2.094395126,2.094395104
5/5/2018 13:00,-4.19E-09,-2.094395126,2.094395103
5/5/2018 13:15,-1.88E-09,-2.094395126,2.094395104
5/5/2018 13:30,-1.43E-09,-2.094395127,2.094395104
5/5/2018 13:45,-2.22E-09,-2.094395126,2.094395103
5/5/2018 14:00,-4.66E-09,-2.094395127,2.094395099
5/5/2018 14:15,-7.61E-09,-2.094395127,2.094395094
5/5/2018 14:30,-1.00E-08,-2.094395127,2.09439509
5/5/2018 14:45,-8.56E-09,-2.094395127,2.094395093
5/5/2018 15:00,-6.72E-09,-2.094395127,2.094395096
5/5/2018 15:15,-8.78E-09,-2.094395127,2.094395093
5/5/2018 15:30,-1.12E-08,-2.094395128,2.09439509
5/5/2018 15:45,-1.18E-08,-2.094395128,2.094395088
5/5/2018 16:00,-1.24E-08,-2.094395128,2.094395087
5/5/2018 16:15,-1.56E-08,-2.094395128,2.094395084
5/5/2018 16:30,-1.77E-08,-2.094395129,2.094395082
5/5/2018 16:45,-1.87E-08,-2.094395128,2.09439508
5/5/2018 17:00,-2.10E-08,-2.094395128,2.094395078
5/5/2018 17:15,-2.12E-08,-2.094395129,2.094395078
5/5/2018 17:30,-2.08E-08,-2.09439513,2.094395078
5/5/2018 17:45,-2.30E-08,-2.094395129,2.094395077
5/5/2018 18:00,-2.43E-08,-2.094395129,2.094395075
5/5/2018 18:15,-2.47E-08,-2.094395129,2.094395074
5/5/2018 18:30,-2.71E-08,-2.094395131,2.094395072
5/5/2018 18:45,-2.78E-08,-2.09439513,2.094395071
5/6/2018 7:00,-5.80E-08,-2.094395167,2.094395038
5/6/2018 7:15,-5.92E-08,-2.094395167,2.094395038
5/6/2018 7:30,-5.97E-08,-2.094395168,2.09439504
5/6/2018 7:45,-5.79E-08,-2.094395169,2.094395041
5/6/2018 8:00,-5.59E-08,-2.094395171,2.094395043
5/6/2018 8:15,-5.54E-08,-2.094395171,2.094395045
5/6/2018 8:30,-5.36E-08,-2.094395171,2.094395047
5/6/2018 8:45,-5.25E-08,-2.09439517,2.094395048
5/6/2018 9:00,-5.09E-08,-2.09439517,2.09439505
5/6/2018 9:15,-4.95E-08,-2.09439517,2.094395052
5/6/2018 9:30,-4.91E-08,-2.09439517,2.094395054
5/6/2018 9:45,-4.83E-08,-2.09439517,2.094395055
5/6/2018 10:00,-4.71E-08,-2.09439517,2.094395057
5/6/2018 10:15,-4.65E-08,-2.09439517,2.094395058
5/6/2018 10:30,-4.56E-08,-2.094395171,2.094395059
5/6/2018 10:45,-4.64E-08,-2.094395172,2.094395058
5/6/2018 11:00,-4.63E-08,-2.094395171,2.094395058
5/6/2018 11:15,-4.63E-08,-2.094395172,2.094395058
5/6/2018 11:30,-4.76E-08,-2.094395173,2.094395057
5/6/2018 11:45,-4.70E-08,-2.094395173,2.094395057
5/6/2018 12:00,-4.73E-08,-2.094395173,2.094395057
5/6/2018 12:15,-4.65E-08,-2.094395171,2.094395058
5/6/2018 12:30,-4.55E-08,-2.094395171,2.094395059
5/6/2018 12:45,-4.53E-08,-2.09439517,2.094395059
5/6/2018 13:00,-4.54E-08,-2.094395171,2.094395059
5/6/2018 13:15,-4.69E-08,-2.094395173,2.094395058
5/6/2018 13:30,-4.76E-08,-2.094395174,2.094395057
5/6/2018 13:45,-4.82E-08,-2.094395174,2.094395056
5/6/2018 14:00,-4.82E-08,-2.094395174,2.094395056
5/6/2018 14:15,-4.84E-08,-2.094395174,2.094395055
5/6/2018 14:30,-4.92E-08,-2.094395174,2.094395055
5/6/2018 14:45,-5.14E-08,-2.094395173,2.094395054
5/6/2018 15:00,-5.27E-08,-2.094395173,2.094395053
5/6/2018 15:15,-5.39E-08,-2.094395174,2.094395051
5/6/2018 15:30,-5.19E-08,-2.094395172,2.094395051
5/6/2018 15:45,-5.10E-08,-2.094395172,2.09439505
5/6/2018 16:00,-5.18E-08,-2.09439517,2.094395048
5/6/2018 16:15,-5.19E-08,-2.094395169,2.094395048
5/6/2018 16:30,-5.26E-08,-2.094395168,2.094395047
5/6/2018 16:45,-5.40E-08,-2.094395167,2.094395046
5/6/2018 17:00,-5.46E-08,-2.094395167,2.094395045
5/6/2018 17:15,-5.51E-08,-2.094395166,2.094395043
5/6/2018 17:30,-5.54E-08,-2.094395166,2.094395042
5/6/2018 17:45,-5.46E-08,-2.094395164,2.094395042
5/6/2018 18:00,-5.46E-08,-2.094395163,2.094395041
5/6/2018 18:15,-5.46E-08,-2.094395162,2.09439504
5/6/2018 18:30,-5.78E-08,-2.094395164,2.094395037
5/6/2018 18:45,-5.67E-08,-2.094395163,2.094395037
5/7/2018 7:00,-6.33E-08,-2.094395168,2.094395031
5/7/2018 7:15,-6.44E-08,-2.094395169,2.094395031
5/7/2018 7:30,-6.38E-08,-2.094395171,2.09439503
5/7/2018 7:45,-6.46E-08,-2.094395171,2.09439503
5/7/2018 8:00,-6.41E-08,-2.094395171,2.09439503
5/7/2018 8:15,-6.33E-08,-2.094395172,2.094395032
5/7/2018 8:30,-6.28E-08,-2.094395173,2.094395032
5/7/2018 8:45,-6.12E-08,-2.094395171,2.094395033
5/7/2018 9:00,-6.03E-08,-2.094395172,2.094395034
5/7/2018 9:15,-6.03E-08,-2.094395172,2.094395035
5/7/2018 9:30,-5.89E-08,-2.094395171,2.094395037
5/7/2018 9:45,-5.99E-08,-2.094395172,2.094395036
5/7/2018 10:00,-5.94E-08,-2.094395173,2.094395037
5/7/2018 10:15,-5.83E-08,-2.094395173,2.094395038
5/7/2018 10:30,-5.66E-08,-2.094395172,2.09439504
5/7/2018 10:45,-5.63E-08,-2.094395172,2.094395041
5/7/2018 11:00,-5.56E-08,-2.094395172,2.094395042
5/7/2018 11:15,-5.30E-08,-2.094395172,2.094395045
5/7/2018 11:30,-5.25E-08,-2.094395171,2.094395049
5/7/2018 11:45,-4.85E-08,-2.09439517,2.094395055
5/7/2018 12:00,-4.57E-08,-2.094395171,2.094395059
5/7/2018 12:15,-4.52E-08,-2.094395171,2.09439506
5/7/2018 12:30,-4.59E-08,-2.09439517,2.094395059
5/7/2018 12:45,-4.60E-08,-2.094395169,2.094395059
5/7/2018 13:00,-4.65E-08,-2.094395169,2.094395058
5/7/2018 13:15,-4.85E-08,-2.094395171,2.094395056
5/7/2018 13:30,-4.98E-08,-2.094395172,2.094395054
5/7/2018 13:45,-5.26E-08,-2.094395173,2.09439505
5/7/2018 14:00,-5.41E-08,-2.094395173,2.094395046
5/7/2018 14:15,-5.31E-08,-2.094395173,2.094395048
5/7/2018 14:30,-5.19E-08,-2.094395174,2.094395049
5/7/2018 14:45,-5.06E-08,-2.094395174,2.094395052
5/7/2018 15:00,-4.93E-08,-2.094395173,2.094395054
5/7/2018 15:15,-5.01E-08,-2.094395173,2.094395052
5/7/2018 15:30,-4.98E-08,-2.094395171,2.094395053
5/7/2018 15:45,-5.04E-08,-2.09439517,2.094395051
5/7/2018 16:00,-4.99E-08,-2.094395168,2.094395051
5/7/2018 16:15,-5.17E-08,-2.094395168,2.094395048
5/7/2018 16:30,-5.29E-08,-2.094395168,2.094395047
5/7/2018 16:45,-5.35E-08,-2.094395168,2.094395046
5/7/2018 17:00,-5.42E-08,-2.094395168,2.094395044
5/7/2018 17:15,-5.46E-08,-2.094395166,2.094395043
5/7/2018 17:30,-5.50E-08,-2.094395165,2.094395042
5/7/2018 17:45,-5.48E-08,-2.094395164,2.094395042
5/7/2018 18:00,-5.59E-08,-2.094395163,2.094395041
5/7/2018 18:15,-5.61E-08,-2.094395162,2.09439504
5/7/2018 18:30,-6.02E-08,-2.094395166,2.094395036
5/7/2018 18:45,-5.92E-08,-2.094395163,2.094395036
5/8/2018 7:00,-6.06E-08,-2.094395169,2.094395034
5/8/2018 7:15,-6.11E-08,-2.09439517,2.094395034
5/8/2018 7:30,-6.10E-08,-2.094395171,2.094395033
5/8/2018 7:45,-6.12E-08,-2.094395172,2.094395033
5/8/2018 8:00,-6.07E-08,-2.094395172,2.094395033
5/8/2018 8:15,-6.05E-08,-2.094395172,2.094395034
5/8/2018 8:30,-5.85E-08,-2.09439517,2.094395036
5/8/2018 8:45,-5.62E-08,-2.09439517,2.09439504
5/8/2018 9:00,-5.37E-08,-2.094395171,2.094395043
5/8/2018 9:15,-5.14E-08,-2.09439517,2.094395047
5/8/2018 9:30,-4.90E-08,-2.09439517,2.094395051
5/8/2018 9:45,-4.86E-08,-2.09439517,2.094395052
5/8/2018 10:00,-4.70E-08,-2.09439517,2.094395055
5/8/2018 10:15,-4.65E-08,-2.09439517,2.094395055
5/8/2018 10:30,-4.72E-08,-2.09439517,2.094395054
5/8/2018 10:45,-4.56E-08,-2.09439517,2.094395057
5/8/2018 11:00,-4.38E-08,-2.094395169,2.094395059
5/8/2018 11:15,-4.34E-08,-2.094395169,2.09439506
5/8/2018 11:30,-4.39E-08,-2.094395169,2.094395059
5/8/2018 11:45,-4.45E-08,-2.094395169,2.094395059
5/8/2018 12:00,-4.45E-08,-2.09439517,2.094395059
5/8/2018 12:15,-4.32E-08,-2.094395169,2.09439506
5/8/2018 12:30,-4.30E-08,-2.094395168,2.094395061
5/8/2018 12:45,-4.26E-08,-2.094395169,2.094395061
5/8/2018 13:00,-4.22E-08,-2.094395169,2.094395061
5/8/2018 13:15,-4.44E-08,-2.094395171,2.094395058
5/8/2018 13:30,-4.41E-08,-2.09439517,2.094395059
5/8/2018 13:45,-4.45E-08,-2.094395172,2.094395058
5/8/2018 14:00,-4.50E-08,-2.094395172,2.094395057
5/8/2018 14:15,-4.58E-08,-2.094395172,2.094395057
5/8/2018 14:30,-4.79E-08,-2.094395172,2.094395057
5/8/2018 14:45,-4.79E-08,-2.094395172,2.094395057
5/8/2018 15:00,-4.94E-08,-2.094395172,2.094395054
5/8/2018 15:15,-4.95E-08,-2.094395172,2.094395053
5/8/2018 15:30,-4.65E-08,-2.094395169,2.094395053
5/8/2018 15:45,-4.73E-08,-2.094395169,2.094395052
5/8/2018 16:00,-4.82E-08,-2.094395168,2.09439505
5/8/2018 16:15,-4.89E-08,-2.094395168,2.094395049
5/8/2018 16:30,-5.02E-08,-2.094395166,2.094395048
5/8/2018 16:45,-5.06E-08,-2.094395167,2.094395047
5/8/2018 17:00,-5.02E-08,-2.094395166,2.094395046
5/8/2018 17:15,-5.19E-08,-2.094395163,2.094395045
5/8/2018 17:30,-5.22E-08,-2.094395162,2.094395044
5/8/2018 17:45,-5.20E-08,-2.094395162,2.094395043
5/8/2018 18:00,-5.18E-08,-2.094395161,2.094395043
5/8/2018 18:15,-5.21E-08,-2.094395159,2.094395042
5/8/2018 18:30,-5.48E-08,-2.094395162,2.094395038
5/8/2018 18:45,-5.45E-08,-2.094395161,2.094395039
5/9/2018 7:00,-5.78E-08,-2.094395167,2.094395037
5/9/2018 7:15,-5.72E-08,-2.094395168,2.094395038
5/9/2018 7:30,-5.69E-08,-2.094395169,2.09439504
5/9/2018 7:45,-5.61E-08,-2.09439517,2.094395041
5/9/2018 8:00,-5.43E-08,-2.09439517,2.094395043
5/9/2018 8:15,-5.34E-08,-2.09439517,2.094395045
5/9/2018 8:30,-5.18E-08,-2.094395169,2.094395047
5/9/2018 8:45,-5.08E-08,-2.09439517,2.094395048
5/9/2018 9:00,-4.98E-08,-2.09439517,2.09439505
5/9/2018 9:15,-4.90E-08,-2.09439517,2.094395052
5/9/2018 9:30,-4.82E-08,-2.09439517,2.094395053
5/9/2018 9:45,-4.90E-08,-2.094395171,2.094395052
5/9/2018 10:00,-4.91E-08,-2.094395171,2.094395053
5/9/2018 10:15,-4.86E-08,-2.094395172,2.094395054
5/9/2018 10:30,-4.86E-08,-2.094395171,2.094395055
5/9/2018 10:45,-4.71E-08,-2.09439517,2.094395056
5/9/2018 11:00,-4.64E-08,-2.09439517,2.094395057
5/9/2018 11:15,-4.55E-08,-2.09439517,2.094395059
5/9/2018 11:30,-4.58E-08,-2.09439517,2.09439506
5/9/2018 11:45,-4.45E-08,-2.094395171,2.094395059
5/9/2018 12:00,-4.51E-08,-2.09439517,2.094395059
5/9/2018 12:15,-4.42E-08,-2.094395169,2.09439506
5/9/2018 12:30,-4.33E-08,-2.094395169,2.094395061
5/9/2018 12:45,-4.30E-08,-2.094395168,2.094395061
5/9/2018 13:00,-4.34E-08,-2.094395169,2.094395061
5/9/2018 13:15,-4.47E-08,-2.09439517,2.094395059
5/9/2018 13:30,-4.54E-08,-2.094395171,2.094395059
5/9/2018 13:45,-4.60E-08,-2.094395171,2.094395058
5/9/2018 14:00,-4.70E-08,-2.094395173,2.094395057
5/9/2018 14:15,-4.72E-08,-2.094395174,2.094395056
5/9/2018 14:30,-4.75E-08,-2.094395173,2.094395056
5/9/2018 14:45,-4.84E-08,-2.094395173,2.094395055
5/9/2018 15:00,-4.97E-08,-2.094395174,2.094395053
5/9/2018 15:15,-5.07E-08,-2.094395174,2.094395051
5/9/2018 15:30,-4.98E-08,-2.094395172,2.094395052
5/9/2018 15:45,-5.07E-08,-2.094395171,2.09439505
5/9/2018 16:00,-5.10E-08,-2.09439517,2.094395049
5/9/2018 16:15,-5.08E-08,-2.094395168,2.094395049
5/9/2018 16:30,-5.16E-08,-2.094395167,2.094395048
5/9/2018 16:45,-5.24E-08,-2.094395167,2.094395046
5/9/2018 17:00,-5.29E-08,-2.094395167,2.094395045
5/9/2018 17:15,-5.32E-08,-2.094395166,2.094395044
5/9/2018 17:30,-5.32E-08,-2.094395164,2.094395043
5/9/2018 17:45,-5.32E-08,-2.094395163,2.094395042
5/9/2018 18:00,-5.31E-08,-2.094395162,2.094395041
5/9/2018 18:15,-5.31E-08,-2.094395161,2.094395041
5/9/2018 18:30,-5.70E-08,-2.094395164,2.094395036
5/9/2018 18:45,-5.63E-08,-2.094395163,2.094395037
5/10/2018 7:00,-5.98E-08,-2.09439517,2.094395036
5/10/2018 7:15,-5.98E-08,-2.09439517,2.094395036
5/10/2018 7:30,-5.93E-08,-2.094395171,2.094395037
5/10/2018 7:45,-5.91E-08,-2.094395172,2.094395038
5/10/2018 8:00,-5.79E-08,-2.094395172,2.09439504
5/10/2018 8:15,-5.68E-08,-2.094395172,2.094395042
5/10/2018 8:30,-5.52E-08,-2.094395173,2.094395043
5/10/2018 8:45,-5.43E-08,-2.094395172,2.094395044
5/10/2018 9:00,-5.40E-08,-2.094395172,2.094395045
5/10/2018 9:15,-5.29E-08,-2.094395174,2.094395047
5/10/2018 9:30,-5.20E-08,-2.094395174,2.094395049
5/10/2018 9:45,-5.14E-08,-2.094395174,2.094395051
5/10/2018 10:00,-4.86E-08,-2.094395172,2.094395055
5/10/2018 10:15,-4.80E-08,-2.094395173,2.094395056
5/10/2018 10:30,-4.69E-08,-2.094395172,2.094395058
5/10/2018 10:45,-4.61E-08,-2.094395172,2.094395059
5/10/2018 11:00,-4.51E-08,-2.094395171,2.094395059
5/10/2018 11:15,-4.52E-08,-2.094395171,2.094395059
5/10/2018 11:30,-4.65E-08,-2.094395172,2.094395059
5/10/2018 11:45,-4.59E-08,-2.094395172,2.094395059
5/10/2018 12:00,-4.66E-08,-2.094395173,2.094395058
5/10/2018 12:15,-4.60E-08,-2.094395172,2.094395059
5/10/2018 12:30,-4.51E-08,-2.094395171,2.09439506
5/10/2018 12:45,-4.50E-08,-2.094395171,2.09439506
5/10/2018 13:00,-4.54E-08,-2.094395172,2.09439506
5/10/2018 13:15,-4.68E-08,-2.094395173,2.094395058
5/10/2018 13:30,-4.72E-08,-2.094395173,2.094395058
5/10/2018 13:45,-4.79E-08,-2.094395174,2.094395057
5/10/2018 14:00,-4.78E-08,-2.094395175,2.094395057
5/10/2018 14:15,-4.79E-08,-2.094395174,2.094395056
5/10/2018 14:30,-4.80E-08,-2.094395175,2.094395056
5/10/2018 14:45,-4.79E-08,-2.094395175,2.094395057
5/10/2018 15:00,-4.86E-08,-2.094395174,2.094395055
5/10/2018 15:15,-5.05E-08,-2.094395175,2.094395053
5/10/2018 15:30,-4.99E-08,-2.094395173,2.094395053
5/10/2018 15:45,-5.08E-08,-2.094395172,2.094395051
5/10/2018 16:00,-5.13E-08,-2.094395172,2.09439505
5/10/2018 16:15,-5.22E-08,-2.094395171,2.094395048
5/10/2018 16:30,-5.33E-08,-2.09439517,2.094395047
5/10/2018 16:45,-5.40E-08,-2.09439517,2.094395046
5/10/2018 17:00,-5.48E-08,-2.094395169,2.094395044
5/10/2018 17:15,-5.52E-08,-2.094395169,2.094395044
5/10/2018 17:30,-5.56E-08,-2.094395168,2.094395042
5/10/2018 17:45,-5.55E-08,-2.094395167,2.094395042
5/10/2018 18:00,-5.61E-08,-2.094395166,2.09439504
5/10/2018 18:15,-5.65E-08,-2.094395164,2.094395039
5/10/2018 18:30,-6.27E-08,-2.094395168,2.094395034
5/10/2018 18:45,-6.28E-08,-2.094395166,2.094395035
5/11/2018 7:00,-3.25E-08,-2.094395143,2.094395062
5/11/2018 7:15,-3.12E-08,-2.094395143,2.094395064
5/11/2018 7:30,-3.04E-08,-2.094395143,2.094395066
5/11/2018 7:45,-2.93E-08,-2.094395144,2.094395067
5/11/2018 8:00,-2.79E-08,-2.094395144,2.09439507
5/11/2018 8:15,-2.68E-08,-2.094395145,2.094395072
5/11/2018 8:30,-2.63E-08,-2.094395145,2.094395072
5/11/2018 8:45,-2.51E-08,-2.094395144,2.094395074
5/11/2018 9:00,-2.46E-08,-2.094395145,2.094395076
5/11/2018 9:15,-2.44E-08,-2.094395146,2.094395077
5/11/2018 9:30,-2.33E-08,-2.094395146,2.094395078
5/11/2018 9:45,-2.23E-08,-2.094395146,2.09439508
5/11/2018 10:00,-2.08E-08,-2.094395146,2.094395082
5/11/2018 10:15,-1.90E-08,-2.094395145,2.094395084
5/11/2018 10:30,-1.84E-08,-2.094395146,2.094395086
5/11/2018 10:45,-1.82E-08,-2.094395146,2.094395086
5/11/2018 11:00,-1.72E-08,-2.094395145,2.094395086
5/11/2018 11:15,-1.74E-08,-2.094395145,2.094395086
5/11/2018 11:30,-1.82E-08,-2.094395145,2.094395086
5/11/2018 11:45,-1.72E-08,-2.094395145,2.094395086
5/11/2018 12:00,-1.75E-08,-2.094395145,2.094395086
5/11/2018 12:15,-1.61E-08,-2.094395144,2.094395087
5/11/2018 12:30,-1.52E-08,-2.094395142,2.094395088
5/11/2018 12:45,-1.45E-08,-2.094395141,2.094395089
5/11/2018 13:00,-1.40E-08,-2.094395142,2.094395089
5/11/2018 13:15,-1.53E-08,-2.094395143,2.094395088
5/11/2018 13:30,-1.50E-08,-2.094395143,2.094395088
5/11/2018 13:45,-1.48E-08,-2.094395143,2.094395088
5/11/2018 14:00,-1.58E-08,-2.094395143,2.094395087
5/11/2018 14:15,-1.54E-08,-2.094395143,2.094395088
5/11/2018 14:30,-1.50E-08,-2.094395143,2.094395087
5/11/2018 14:45,-1.63E-08,-2.094395143,2.094395087
5/11/2018 15:00,-1.67E-08,-2.094395144,2.094395085
5/11/2018 15:15,-1.70E-08,-2.094395144,2.094395084
5/11/2018 15:30,-1.94E-08,-2.094395143,2.094395082
5/11/2018 15:45,-2.00E-08,-2.094395143,2.09439508
5/11/2018 16:00,-2.05E-08,-2.094395143,2.094395078
5/11/2018 16:15,-2.29E-08,-2.094395143,2.094395076
5/11/2018 16:30,-2.40E-08,-2.094395144,2.094395075
5/11/2018 16:45,-2.43E-08,-2.094395143,2.094395073
5/11/2018 17:00,-2.67E-08,-2.094395144,2.094395071
5/11/2018 17:15,-2.95E-08,-2.094395144,2.094395069
5/11/2018 17:30,-3.19E-08,-2.094395143,2.094395067
5/11/2018 17:45,-3.15E-08,-2.094395144,2.094395065
5/11/2018 18:00,-3.19E-08,-2.094395143,2.094395064
5/11/2018 18:15,-3.25E-08,-2.094395142,2.094395062
5/11/2018 18:30,-3.62E-08,-2.094395145,2.094395058
5/11/2018 18:45,-3.72E-08,-2.094395145,2.094395057
5/12/2018 7:00,-2.33E-08,-2.094395129,2.094395075
5/12/2018 7:15,-2.23E-08,-2.094395128,2.094395077
5/12/2018 7:30,-2.09E-08,-2.094395128,2.094395079
5/12/2018 7:45,-1.98E-08,-2.094395129,2.094395081
5/12/2018 8:00,-1.84E-08,-2.094395128,2.094395083
5/12/2018 8:15,-1.76E-08,-2.094395128,2.094395084
5/12/2018 8:30,-1.74E-08,-2.094395129,2.094395085
5/12/2018 8:45,-1.70E-08,-2.094395129,2.094395085
5/12/2018 9:00,-1.65E-08,-2.094395129,2.094395086
5/12/2018 9:15,-1.53E-08,-2.094395129,2.094395088
5/12/2018 9:30,-1.38E-08,-2.094395129,2.09439509
5/12/2018 9:45,-1.34E-08,-2.094395129,2.09439509
5/12/2018 10:00,-1.29E-08,-2.094395129,2.094395091
5/12/2018 10:15,-1.19E-08,-2.094395129,2.094395093
5/12/2018 10:30,-9.99E-09,-2.094395129,2.094395096
5/12/2018 10:45,-8.59E-09,-2.094395128,2.094395098
5/12/2018 11:00,-7.07E-09,-2.094395128,2.0943951
5/12/2018 11:15,-6.62E-09,-2.094395127,2.094395101
5/12/2018 11:30,-8.26E-09,-2.094395127,2.094395102
5/12/2018 11:45,-6.26E-09,-2.094395127,2.094395102
5/12/2018 12:00,-6.29E-09,-2.094395127,2.094395102
5/12/2018 12:15,-5.72E-09,-2.094395128,2.094395104
5/12/2018 12:30,-5.03E-09,-2.094395127,2.094395104
5/12/2018 12:45,-4.75E-09,-2.094395127,2.094395105
5/12/2018 13:00,-4.50E-09,-2.094395127,2.094395104
5/12/2018 13:15,-5.39E-09,-2.094395127,2.094395104
5/12/2018 13:30,-7.39E-09,-2.094395127,2.0943951
5/12/2018 13:45,-1.03E-08,-2.094395128,2.094395095
5/12/2018 14:00,-1.39E-08,-2.094395128,2.09439509
5/12/2018 14:15,-1.24E-08,-2.094395128,2.094395093
5/12/2018 14:30,-1.10E-08,-2.094395128,2.094395094
5/12/2018 14:45,-9.42E-09,-2.094395128,2.094395097
5/12/2018 15:00,-8.19E-09,-2.094395129,2.0943951
5/12/2018 15:15,-9.15E-09,-2.09439513,2.094395098
5/12/2018 15:30,-1.24E-08,-2.09439513,2.094395097
5/12/2018 15:45,-1.33E-08,-2.094395129,2.094395095
5/12/2018 16:00,-1.40E-08,-2.094395129,2.094395093
5/12/2018 16:15,-1.51E-08,-2.09439513,2.094395091
5/12/2018 16:30,-1.44E-08,-2.09439513,2.09439509
5/12/2018 16:45,-1.52E-08,-2.094395129,2.094395087
5/12/2018 17:00,-1.71E-08,-2.094395129,2.094395086
5/12/2018 17:15,-1.82E-08,-2.094395129,2.094395084
5/12/2018 17:30,-1.83E-08,-2.094395128,2.094395083
5/12/2018 17:45,-1.99E-08,-2.094395129,2.094395081
5/12/2018 18:00,-2.25E-08,-2.094395129,2.094395079
5/12/2018 18:15,-2.35E-08,-2.094395131,2.094395076
5/12/2018 18:30,-2.66E-08,-2.094395132,2.094395073
5/12/2018 18:45,-2.77E-08,-2.094395131,2.094395071
5/13/2018 7:00,-6.05E-08,-2.094395165,2.094395034
5/13/2018 7:15,-6.17E-08,-2.094395166,2.094395033
5/13/2018 7:30,-6.16E-08,-2.094395167,2.094395033
5/13/2018 7:45,-6.22E-08,-2.094395168,2.094395032
5/13/2018 8:00,-6.25E-08,-2.094395169,2.094395033
5/13/2018 8:15,-6.23E-08,-2.094395168,2.094395033
5/13/2018 8:30,-6.14E-08,-2.094395169,2.094395032
5/13/2018 8:45,-6.14E-08,-2.094395169,2.094395033
5/13/2018 9:00,-6.08E-08,-2.094395169,2.094395033
5/13/2018 9:15,-6.02E-08,-2.094395168,2.094395034
5/13/2018 9:30,-5.96E-08,-2.094395168,2.094395036
5/13/2018 9:45,-5.90E-08,-2.094395169,2.094395037
5/13/2018 10:00,-5.77E-08,-2.094395169,2.094395038
5/13/2018 10:15,-5.72E-08,-2.094395169,2.094395039
5/13/2018 10:30,-5.61E-08,-2.094395169,2.094395041
5/13/2018 10:45,-5.56E-08,-2.094395168,2.094395041
5/13/2018 11:00,-5.50E-08,-2.094395167,2.094395042
5/13/2018 11:15,-5.45E-08,-2.094395167,2.094395042
5/13/2018 11:30,-5.63E-08,-2.094395168,2.094395041
5/13/2018 11:45,-5.59E-08,-2.094395169,2.094395041
5/13/2018 12:00,-5.57E-08,-2.094395169,2.094395042
5/13/2018 12:15,-5.38E-08,-2.094395168,2.094395044
5/13/2018 12:30,-5.23E-08,-2.094395167,2.094395046
5/13/2018 12:45,-5.09E-08,-2.094395167,2.094395048
5/13/2018 13:00,-4.99E-08,-2.094395167,2.094395049
5/13/2018 13:15,-5.12E-08,-2.094395168,2.094395048
5/13/2018 13:30,-5.05E-08,-2.094395167,2.094395049
5/13/2018 13:45,-5.04E-08,-2.094395168,2.09439505
5/13/2018 14:00,-5.05E-08,-2.094395168,2.09439505
5/13/2018 14:15,-4.89E-08,-2.094395168,2.094395053
5/13/2018 14:30,-4.75E-08,-2.094395168,2.094395055
5/13/2018 14:45,-4.65E-08,-2.094395168,2.094395057
5/13/2018 15:00,-4.53E-08,-2.094395167,2.094395059
5/13/2018 15:15,-4.60E-08,-2.094395168,2.094395058
5/13/2018 15:30,-4.50E-08,-2.094395166,2.094395059
5/13/2018 15:45,-4.54E-08,-2.094395165,2.094395058
5/13/2018 16:00,-4.56E-08,-2.094395164,2.094395057
5/13/2018 16:15,-4.75E-08,-2.094395164,2.094395055
5/13/2018 16:30,-4.85E-08,-2.094395164,2.094395053
5/13/2018 16:45,-5.01E-08,-2.094395163,2.094395051
5/13/2018 17:00,-5.08E-08,-2.094395163,2.094395049
5/13/2018 17:15,-5.10E-08,-2.094395162,2.094395048
5/13/2018 17:30,-5.03E-08,-2.09439516,2.094395047
5/13/2018 17:45,-5.02E-08,-2.094395159,2.094395047
5/13/2018 18:00,-5.07E-08,-2.094395159,2.094395046
5/13/2018 18:15,-5.07E-08,-2.094395159,2.094395045
5/13/2018 18:30,-5.41E-08,-2.094395163,2.094395041
5/13/2018 18:45,-5.39E-08,-2.09439516,2.094395042
5/14/2018 7:00,-6.17E-08,-2.094395167,2.094395034
5/14/2018 7:15,-6.09E-08,-2.094395168,2.094395034
5/14/2018 7:30,-5.98E-08,-2.094395168,2.094395035
5/14/2018 7:45,-6.04E-08,-2.09439517,2.094395035
5/14/2018 8:00,-5.99E-08,-2.094395169,2.094395036
5/14/2018 8:15,-5.86E-08,-2.09439517,2.094395038
5/14/2018 8:30,-5.75E-08,-2.09439517,2.094395038
5/14/2018 8:45,-5.67E-08,-2.09439517,2.09439504
5/14/2018 9:00,-5.61E-08,-2.094395171,2.094395041
5/14/2018 9:15,-5.62E-08,-2.094395171,2.094395041
5/14/2018 9:30,-5.66E-08,-2.09439517,2.094395042
5/14/2018 9:45,-5.81E-08,-2.09439517,2.094395043
5/14/2018 10:00,-5.60E-08,-2.09439517,2.094395045
5/14/2018 10:15,-5.14E-08,-2.094395169,2.094395048
5/14/2018 10:30,-4.95E-08,-2.094395168,2.094395051
5/14/2018 10:45,-4.90E-08,-2.094395168,2.094395052
5/14/2018 11:00,-4.88E-08,-2.094395168,2.094395053
5/14/2018 11:15,-4.91E-08,-2.094395169,2.094395053
5/14/2018 11:30,-5.00E-08,-2.094395169,2.094395053
5/14/2018 11:45,-4.72E-08,-2.094395168,2.094395056
5/14/2018 12:00,-4.58E-08,-2.094395168,2.094395058
5/14/2018 12:15,-4.25E-08,-2.094395168,2.094395063
5/14/2018 12:30,-4.02E-08,-2.094395166,2.094395066
5/14/2018 12:45,-3.99E-08,-2.094395165,2.094395066
5/14/2018 13:00,-4.03E-08,-2.094395166,2.094395066
5/14/2018 13:15,-4.21E-08,-2.094395167,2.094395064
5/14/2018 13:30,-4.45E-08,-2.094395168,2.09439506
5/14/2018 13:45,-4.33E-08,-2.094395168,2.094395062
5/14/2018 14:00,-4.26E-08,-2.094395168,2.094395063
5/14/2018 14:15,-4.25E-08,-2.094395169,2.094395063
5/14/2018 14:30,-4.26E-08,-2.094395169,2.094395063
5/14/2018 14:45,-4.35E-08,-2.094395169,2.094395062
5/14/2018 15:00,-4.42E-08,-2.094395168,2.094395061
5/14/2018 15:15,-4.51E-08,-2.094395169,2.094395059
5/14/2018 15:30,-4.43E-08,-2.094395166,2.094395059
5/14/2018 15:45,-4.49E-08,-2.094395166,2.094395058
5/14/2018 16:00,-4.58E-08,-2.094395166,2.094395056
5/14/2018 16:15,-4.82E-08,-2.094395167,2.094395053
5/14/2018 16:30,-5.03E-08,-2.094395166,2.094395051
5/14/2018 16:45,-5.11E-08,-2.094395167,2.09439505
5/14/2018 17:00,-5.17E-08,-2.094395166,2.094395048
5/14/2018 17:15,-5.23E-08,-2.094395165,2.094395047
5/14/2018 17:30,-5.11E-08,-2.094395162,2.094395047
5/14/2018 17:45,-5.04E-08,-2.094395161,2.094395048
5/14/2018 18:00,-5.04E-08,-2.094395161,2.094395047
5/14/2018 18:15,-5.05E-08,-2.09439516,2.094395046
5/14/2018 18:30,-5.20E-08,-2.094395159,2.094395045
5/14/2018 18:45,-5.60E-08,-2.094395161,2.094395041
5/15/2018 7:00,-5.80E-08,-2.094395166,2.094395039
5/15/2018 7:15,-5.82E-08,-2.094395167,2.09439504
5/15/2018 7:30,-5.73E-08,-2.094395168,2.094395041
5/15/2018 7:45,-5.59E-08,-2.094395168,2.094395042
5/15/2018 8:00,-5.49E-08,-2.094395168,2.094395045
5/15/2018 8:15,-5.39E-08,-2.094395168,2.094395046
5/15/2018 8:30,-5.22E-08,-2.094395168,2.094395046
5/15/2018 8:45,-5.29E-08,-2.094395168,2.094395046
5/15/2018 9:00,-5.40E-08,-2.094395168,2.094395045
5/15/2018 9:15,-5.30E-08,-2.094395168,2.094395046
5/15/2018 9:30,-5.17E-08,-2.094395168,2.094395048
5/15/2018 9:45,-5.13E-08,-2.09439517,2.09439505
5/15/2018 10:00,-4.99E-08,-2.094395171,2.094395052
5/15/2018 10:15,-4.79E-08,-2.094395171,2.094395056
5/15/2018 10:30,-4.51E-08,-2.09439517,2.09439506
5/15/2018 10:45,-4.48E-08,-2.09439517,2.09439506
5/15/2018 11:00,-4.40E-08,-2.09439517,2.094395061
5/15/2018 11:15,-4.31E-08,-2.09439517,2.094395062
5/15/2018 11:30,-4.39E-08,-2.09439517,2.094395063
5/15/2018 11:45,-4.28E-08,-2.094395168,2.094395064
5/15/2018 12:00,-4.31E-08,-2.094395168,2.094395064
5/15/2018 12:15,-4.21E-08,-2.094395167,2.094395065
5/15/2018 12:30,-4.06E-08,-2.094395166,2.094395066
5/15/2018 12:45,-4.02E-08,-2.094395165,2.094395066
5/15/2018 13:00,-4.02E-08,-2.094395166,2.094395066
5/15/2018 13:15,-4.13E-08,-2.094395167,2.094395065
5/15/2018 13:30,-4.18E-08,-2.094395168,2.094395065
5/15/2018 13:45,-4.22E-08,-2.094395168,2.094395064
5/15/2018 14:00,-4.21E-08,-2.094395168,2.094395064
5/15/2018 14:15,-4.22E-08,-2.094395168,2.094395064
5/15/2018 14:30,-4.23E-08,-2.094395168,2.094395064
5/15/2018 14:45,-4.26E-08,-2.094395168,2.094395063
5/15/2018 15:00,-4.46E-08,-2.094395168,2.094395062
5/15/2018 15:15,-4.58E-08,-2.094395169,2.094395061
5/15/2018 15:30,-4.45E-08,-2.094395167,2.09439506
5/15/2018 15:45,-4.52E-08,-2.094395166,2.094395058
5/15/2018 16:00,-4.60E-08,-2.094395166,2.094395057
5/15/2018 16:15,-4.71E-08,-2.094395165,2.094395055
5/15/2018 16:30,-4.84E-08,-2.094395165,2.094395054
5/15/2018 16:45,-4.94E-08,-2.094395165,2.094395052
5/15/2018 17:00,-5.00E-08,-2.094395164,2.094395051
5/15/2018 17:15,-5.05E-08,-2.094395163,2.094395049
5/15/2018 17:30,-5.07E-08,-2.094395162,2.094395048
5/15/2018 17:45,-4.97E-08,-2.09439516,2.094395048
5/15/2018 18:00,-4.96E-08,-2.09439516,2.094395047
5/15/2018 18:15,-4.99E-08,-2.094395159,2.094395046
5/15/2018 18:30,-5.03E-08,-2.094395158,2.094395045
5/15/2018 18:45,-5.34E-08,-2.094395159,2.094395042
5/16/2018 7:00,-5.88E-08,-2.094395169,2.094395036
5/16/2018 7:15,-5.87E-08,-2.094395169,2.094395037
5/16/2018 7:30,-5.71E-08,-2.094395168,2.094395038
5/16/2018 7:45,-5.64E-08,-2.094395168,2.09439504
5/16/2018 8:00,-5.50E-08,-2.094395169,2.094395042
5/16/2018 8:15,-5.40E-08,-2.094395169,2.094395043
5/16/2018 8:30,-5.27E-08,-2.09439517,2.094395045
5/16/2018 8:45,-5.21E-08,-2.094395169,2.094395046
5/16/2018 9:00,-5.16E-08,-2.094395169,2.094395047
5/16/2018 9:15,-5.08E-08,-2.09439517,2.094395049
5/16/2018 9:30,-5.05E-08,-2.09439517,2.094395051
5/16/2018 9:45,-4.81E-08,-2.09439517,2.094395053
5/16/2018 10:00,-4.70E-08,-2.09439517,2.094395055
5/16/2018 10:15,-4.53E-08,-2.09439517,2.094395058
5/16/2018 10:30,-4.39E-08,-2.09439517,2.09439506
5/16/2018 10:45,-4.33E-08,-2.094395169,2.094395061
5/16/2018 11:00,-4.27E-08,-2.094395168,2.094395061
5/16/2018 11:15,-4.27E-08,-2.094395169,2.094395061
5/16/2018 11:30,-4.39E-08,-2.094395169,2.094395061
5/16/2018 11:45,-4.33E-08,-2.094395169,2.094395061
5/16/2018 12:00,-4.40E-08,-2.094395169,2.09439506
5/16/2018 12:15,-4.35E-08,-2.094395168,2.094395061
5/16/2018 12:30,-4.26E-08,-2.094395167,2.094395062
5/16/2018 12:45,-4.23E-08,-2.094395168,2.094395062
5/16/2018 13:00,-4.27E-08,-2.094395168,2.094395062
5/16/2018 13:15,-4.33E-08,-2.094395169,2.094395061
5/16/2018 13:30,-4.37E-08,-2.094395169,2.09439506
5/16/2018 13:45,-4.42E-08,-2.09439517,2.09439506
5/16/2018 14:00,-4.43E-08,-2.09439517,2.094395059
5/16/2018 14:15,-4.42E-08,-2.09439517,2.094395059
5/16/2018 14:30,-4.42E-08,-2.09439517,2.094395059
5/16/2018 14:45,-4.50E-08,-2.094395171,2.094395058
5/16/2018 15:00,-4.57E-08,-2.09439517,2.094395057
5/16/2018 15:15,-4.73E-08,-2.09439517,2.094395056
5/16/2018 15:30,-4.66E-08,-2.094395168,2.094395056
5/16/2018 15:45,-4.74E-08,-2.094395167,2.094395055
5/16/2018 16:00,-4.91E-08,-2.094395167,2.094395052
5/16/2018 16:15,-5.02E-08,-2.094395167,2.094395051
5/16/2018 16:30,-5.11E-08,-2.094395167,2.094395049
5/16/2018 16:45,-5.18E-08,-2.094395167,2.094395047
5/16/2018 17:00,-5.25E-08,-2.094395166,2.094395046
5/16/2018 17:15,-5.30E-08,-2.094395166,2.094395045
5/16/2018 17:30,-5.33E-08,-2.094395165,2.094395044
5/16/2018 17:45,-5.30E-08,-2.094395164,2.094395043
5/16/2018 18:00,-5.21E-08,-2.094395162,2.094395043
5/16/2018 18:15,-5.31E-08,-2.09439516,2.094395042
5/16/2018 18:30,-5.41E-08,-2.09439516,2.094395041
5/16/2018 18:45,-5.72E-08,-2.094395161,2.094395039
5/17/2018 7:00,-6.26E-08,-2.094395169,2.094395031
5/17/2018 7:15,-6.21E-08,-2.094395169,2.094395032
5/17/2018 7:30,-6.23E-08,-2.094395169,2.094395031
5/17/2018 7:45,-6.27E-08,-2.09439517,2.094395031
5/17/2018 8:00,-6.22E-08,-2.094395171,2.094395032
5/17/2018 8:15,-6.15E-08,-2.094395171,2.094395032
5/17/2018 8:30,-6.06E-08,-2.09439517,2.094395032
5/17/2018 8:45,-5.95E-08,-2.094395169,2.094395034
5/17/2018 9:00,-5.85E-08,-2.094395169,2.094395036
5/17/2018 9:15,-5.82E-08,-2.09439517,2.094395037
5/17/2018 9:30,-5.73E-08,-2.09439517,2.094395038
5/17/2018 9:45,-5.65E-08,-2.09439517,2.094395039
5/17/2018 10:00,-5.60E-08,-2.09439517,2.09439504
5/17/2018 10:15,-5.56E-08,-2.094395169,2.094395041
5/17/2018 10:30,-5.50E-08,-2.094395169,2.094395042
5/17/2018 10:45,-5.39E-08,-2.094395169,2.094395043
5/17/2018 11:00,-5.37E-08,-2.094395169,2.094395045
5/17/2018 11:15,-5.30E-08,-2.094395169,2.094395045
5/17/2018 11:30,-5.44E-08,-2.094395169,2.094395044
5/17/2018 11:45,-5.26E-08,-2.094395168,2.094395045
5/17/2018 12:00,-5.17E-08,-2.094395168,2.094395046
5/17/2018 12:15,-4.99E-08,-2.094395167,2.094395049
5/17/2018 12:30,-4.79E-08,-2.094395167,2.094395051
5/17/2018 12:45,-4.64E-08,-2.094395167,2.094395055
5/17/2018 13:00,-4.48E-08,-2.094395167,2.094395057
5/17/2018 13:15,-4.62E-08,-2.094395168,2.094395056
5/17/2018 13:30,-4.67E-08,-2.094395169,2.094395055
5/17/2018 13:45,-4.74E-08,-2.094395169,2.094395055
5/17/2018 14:00,-4.72E-08,-2.094395169,2.094395055
5/17/2018 14:15,-4.68E-08,-2.094395169,2.094395055
5/17/2018 14:30,-4.68E-08,-2.094395169,2.094395056
5/17/2018 14:45,-4.76E-08,-2.094395169,2.094395055
5/17/2018 15:00,-4.98E-08,-2.094395168,2.094395055
5/17/2018 15:15,-5.07E-08,-2.094395169,2.094395053
5/17/2018 15:30,-4.97E-08,-2.094395167,2.094395054
5/17/2018 15:45,-4.98E-08,-2.094395166,2.094395052
5/17/2018 16:00,-4.84E-08,-2.094395165,2.094395051
5/17/2018 16:15,-4.83E-08,-2.094395165,2.094395051
5/17/2018 16:30,-4.89E-08,-2.094395164,2.094395051
5/17/2018 16:45,-4.86E-08,-2.094395164,2.09439505
5/17/2018 17:00,-5.05E-08,-2.094395164,2.094395048
5/17/2018 17:15,-5.12E-08,-2.094395163,2.094395046
5/17/2018 17:30,-5.16E-08,-2.094395162,2.094395045
5/17/2018 17:45,-5.17E-08,-2.094395162,2.094395044
5/17/2018 18:00,-5.29E-08,-2.094395161,2.094395044
5/17/2018 18:15,-5.21E-08,-2.094395161,2.094395043
5/17/2018 18:30,-5.26E-08,-2.09439516,2.094395042
5/17/2018 18:45,-5.52E-08,-2.094395161,2.094395039
5/18/2018 7:00,-2.82E-08,-2.094395137,2.094395064
5/18/2018 7:15,-2.94E-08,-2.094395137,2.094395066
5/18/2018 7:30,-3.10E-08,-2.09439514,2.094395065
5/18/2018 7:45,-2.72E-08,-2.094395141,2.094395066
5/18/2018 8:00,-2.56E-08,-2.094395139,2.094395068
5/18/2018 8:15,-2.53E-08,-2.09439514,2.094395068
5/18/2018 8:30,-2.47E-08,-2.09439514,2.094395068
5/18/2018 8:45,-2.40E-08,-2.09439514,2.094395069
5/18/2018 9:00,-2.42E-08,-2.094395141,2.09439507
5/18/2018 9:15,-2.35E-08,-2.094395142,2.094395071
5/18/2018 9:30,-2.23E-08,-2.094395142,2.094395074
5/18/2018 9:45,-1.99E-08,-2.094395142,2.094395076
5/18/2018 10:00,-1.85E-08,-2.094395142,2.09439508
5/18/2018 10:15,-1.71E-08,-2.094395141,2.094395083
5/18/2018 10:30,-1.55E-08,-2.094395139,2.094395086
5/18/2018 10:45,-1.49E-08,-2.094395139,2.094395087
5/18/2018 11:00,-1.37E-08,-2.094395138,2.094395089
5/18/2018 11:15,-1.27E-08,-2.094395138,2.09439509
5/18/2018 11:30,-1.31E-08,-2.094395139,2.09439509
5/18/2018 11:45,-1.15E-08,-2.094395139,2.09439509
5/18/2018 12:00,-1.10E-08,-2.094395139,2.09439509
5/18/2018 12:15,-9.49E-09,-2.094395137,2.094395091
5/18/2018 12:30,-8.85E-09,-2.094395136,2.094395092
5/18/2018 12:45,-8.59E-09,-2.094395136,2.094395093
5/18/2018 13:00,-8.01E-09,-2.094395136,2.094395092
5/18/2018 13:15,-9.53E-09,-2.094395136,2.094395092
5/18/2018 13:30,-9.62E-09,-2.094395137,2.094395092
5/18/2018 13:45,-9.14E-09,-2.094395137,2.094395091
5/18/2018 14:00,-9.84E-09,-2.094395137,2.094395091
5/18/2018 14:15,-9.90E-09,-2.094395137,2.094395091
5/18/2018 14:30,-9.65E-09,-2.094395138,2.094395091
5/18/2018 14:45,-1.09E-08,-2.094395138,2.09439509
5/18/2018 15:00,-1.31E-08,-2.094395139,2.094395088
5/18/2018 15:15,-1.26E-08,-2.094395138,2.094395086
5/18/2018 15:30,-1.40E-08,-2.094395138,2.094395085
5/18/2018 15:45,-1.54E-08,-2.094395138,2.094395082
5/18/2018 16:00,-1.58E-08,-2.094395138,2.09439508
5/18/2018 16:15,-1.75E-08,-2.094395138,2.094395078
5/18/2018 16:30,-1.87E-08,-2.094395138,2.094395077
5/18/2018 16:45,-1.96E-08,-2.094395138,2.094395075
5/18/2018 17:00,-2.13E-08,-2.094395138,2.094395072
5/18/2018 17:15,-2.23E-08,-2.094395137,2.094395071
5/18/2018 17:30,-2.33E-08,-2.094395138,2.094395069
5/18/2018 17:45,-2.49E-08,-2.094395138,2.094395068
5/18/2018 18:00,-2.80E-08,-2.094395138,2.094395066
5/18/2018 18:15,-2.95E-08,-2.094395139,2.094395064
5/18/2018 18:30,-3.13E-08,-2.094395139,2.094395062
5/18/2018 18:45,-3.36E-08,-2.094395141,2.094395059
5/19/2018 7:00,-2.61E-08,-2.094395127,2.094395072
5/19/2018 7:15,-2.40E-08,-2.094395128,2.094395074
5/19/2018 7:30,-2.13E-08,-2.094395127,2.094395077
5/19/2018 7:45,-2.06E-08,-2.094395127,2.094395079
5/19/2018 8:00,-1.91E-08,-2.094395127,2.094395081
5/19/2018 8:15,-1.78E-08,-2.094395127,2.094395083
5/19/2018 8:30,-1.62E-08,-2.094395128,2.094395084
5/19/2018 8:45,-1.49E-08,-2.094395127,2.094395087
5/19/2018 9:00,-1.33E-08,-2.094395126,2.094395089
5/19/2018 9:15,-1.16E-08,-2.094395126,2.094395091
5/19/2018 9:30,-1.03E-08,-2.094395126,2.094395094
5/19/2018 9:45,-8.72E-09,-2.094395126,2.094395096
5/19/2018 10:00,-7.07E-09,-2.094395126,2.094395099
5/19/2018 10:15,-5.63E-09,-2.094395127,2.094395099
5/19/2018 10:30,-5.13E-09,-2.094395127,2.0943951
5/19/2018 10:45,-4.14E-09,-2.094395127,2.094395101
5/19/2018 11:00,-4.38E-09,-2.094395127,2.094395102
5/19/2018 11:15,-4.11E-09,-2.094395128,2.094395103
5/19/2018 11:30,-4.02E-09,-2.094395126,2.094395103
5/19/2018 11:45,-2.46E-09,-2.094395125,2.094395104
5/19/2018 12:00,-2.48E-09,-2.094395125,2.094395104
5/19/2018 12:15,-2.39E-09,-2.094395126,2.094395104
5/19/2018 12:30,-2.57E-09,-2.094395126,2.094395103
5/19/2018 12:45,-2.36E-09,-2.094395126,2.094395104
5/19/2018 13:00,-1.66E-09,-2.094395126,2.094395104
5/19/2018 13:15,-2.69E-09,-2.094395126,2.094395103
5/19/2018 13:30,-3.37E-09,-2.094395126,2.094395102
5/19/2018 13:45,-2.88E-09,-2.094395127,2.094395102
5/19/2018 14:00,-3.47E-09,-2.094395127,2.094395103
5/19/2018 14:15,-4.96E-09,-2.094395127,2.0943951
5/19/2018 14:30,-5.99E-09,-2.094395127,2.094395098
5/19/2018 14:45,-7.49E-09,-2.094395127,2.094395095
5/19/2018 15:00,-8.73E-09,-2.094395127,2.094395093
5/19/2018 15:15,-9.39E-09,-2.094395127,2.094395092
5/19/2018 15:30,-1.06E-08,-2.094395127,2.09439509
5/19/2018 15:45,-1.22E-08,-2.094395128,2.094395088
5/19/2018 16:00,-1.38E-08,-2.094395128,2.094395086
5/19/2018 16:15,-1.50E-08,-2.094395128,2.094395084
5/19/2018 16:30,-1.66E-08,-2.094395128,2.094395082
5/19/2018 16:45,-1.74E-08,-2.094395127,2.094395081
5/19/2018 17:00,-1.79E-08,-2.094395127,2.09439508
5/19/2018 17:15,-1.84E-08,-2.094395127,2.09439508
5/19/2018 17:30,-1.68E-08,-2.094395126,2.09439508
5/19/2018 17:45,-1.70E-08,-2.094395126,2.09439508
5/19/2018 18:00,-1.88E-08,-2.094395128,2.094395078
5/19/2018 18:15,-1.98E-08,-2.094395129,2.094395077
5/19/2018 18:30,-2.10E-08,-2.094395128,2.094395075
5/19/2018 18:45,-2.47E-08,-2.094395129,2.094395072
5/20/2018 7:00,-5.66E-08,-2.094395166,2.09439504
5/20/2018 7:15,-5.57E-08,-2.094395167,2.094395041
5/20/2018 7:30,-5.50E-08,-2.094395166,2.094395042
5/20/2018 7:45,-5.49E-08,-2.094395167,2.094395043
5/20/2018 8:00,-5.47E-08,-2.094395168,2.094395045
5/20/2018 8:15,-5.39E-08,-2.094395168,2.094395047
5/20/2018 8:30,-5.13E-08,-2.094395168,2.094395048
5/20/2018 8:45,-5.00E-08,-2.094395168,2.09439505
5/20/2018 9:00,-4.89E-08,-2.094395168,2.094395052
5/20/2018 9:15,-4.77E-08,-2.094395169,2.094395054
5/20/2018 9:30,-4.64E-08,-2.094395168,2.094395056
5/20/2018 9:45,-4.54E-08,-2.094395168,2.094395057
5/20/2018 10:00,-4.42E-08,-2.094395168,2.094395059
5/20/2018 10:15,-4.31E-08,-2.094395168,2.09439506
5/20/2018 10:30,-4.25E-08,-2.094395168,2.094395062
5/20/2018 10:45,-4.19E-08,-2.094395167,2.094395063
5/20/2018 11:00,-4.12E-08,-2.094395167,2.094395063
5/20/2018 11:15,-4.10E-08,-2.094395167,2.094395063
5/20/2018 11:30,-4.19E-08,-2.094395167,2.094395063
5/20/2018 11:45,-4.17E-08,-2.094395167,2.094395063
5/20/2018 12:00,-4.16E-08,-2.094395167,2.094395063
5/20/2018 12:15,-4.06E-08,-2.094395166,2.094395064
5/20/2018 12:30,-3.95E-08,-2.094395165,2.094395065
5/20/2018 12:45,-3.90E-08,-2.094395165,2.094395065
5/20/2018 13:00,-3.91E-08,-2.094395165,2.094395065
5/20/2018 13:15,-4.06E-08,-2.094395166,2.094395064
5/20/2018 13:30,-4.21E-08,-2.094395166,2.094395063
5/20/2018 13:45,-4.14E-08,-2.094395167,2.094395063
5/20/2018 14:00,-4.13E-08,-2.094395168,2.094395062
5/20/2018 14:15,-4.12E-08,-2.094395167,2.094395062
5/20/2018 14:30,-4.12E-08,-2.094395167,2.094395062
5/20/2018 14:45,-4.18E-08,-2.094395167,2.094395061
5/20/2018 15:00,-4.24E-08,-2.094395167,2.09439506
5/20/2018 15:15,-4.32E-08,-2.094395167,2.094395058
5/20/2018 15:30,-4.22E-08,-2.094395165,2.094395059
5/20/2018 15:45,-4.31E-08,-2.094395164,2.094395057
5/20/2018 16:00,-4.38E-08,-2.094395164,2.094395056
5/20/2018 16:15,-4.47E-08,-2.094395163,2.094395054
5/20/2018 16:30,-4.82E-08,-2.094395164,2.094395052
5/20/2018 16:45,-5.20E-08,-2.094395164,2.09439505
5/20/2018 17:00,-5.28E-08,-2.094395164,2.094395048
5/20/2018 17:15,-5.30E-08,-2.094395162,2.094395047
5/20/2018 17:30,-5.30E-08,-2.094395161,2.094395046
5/20/2018 17:45,-5.39E-08,-2.09439516,2.094395046
5/20/2018 18:00,-5.41E-08,-2.09439516,2.094395045
5/20/2018 18:15,-5.19E-08,-2.094395159,2.094395044
5/20/2018 18:30,-5.45E-08,-2.094395159,2.094395043
5/20/2018 18:45,-5.59E-08,-2.09439516,2.094395041
5/21/2018 7:00,-6.00E-08,-2.094395165,2.094395034
5/21/2018 7:15,-6.09E-08,-2.094395166,2.094395033
5/21/2018 7:30,-6.09E-08,-2.094395167,2.094395033
5/21/2018 7:45,-6.14E-08,-2.094395168,2.094395032
5/21/2018 8:00,-6.16E-08,-2.094395168,2.094395033
5/21/2018 8:15,-6.10E-08,-2.094395169,2.094395033
5/21/2018 8:30,-6.02E-08,-2.094395169,2.094395032
5/21/2018 8:45,-6.06E-08,-2.094395169,2.094395033
5/21/2018 9:00,-6.04E-08,-2.094395168,2.094395034
5/21/2018 9:15,-5.98E-08,-2.094395168,2.094395034
5/21/2018 9:30,-5.96E-08,-2.094395169,2.094395035
5/21/2018 9:45,-5.92E-08,-2.094395168,2.094395036
5/21/2018 10:00,-5.87E-08,-2.094395168,2.094395036
5/21/2018 10:15,-5.72E-08,-2.094395168,2.094395038
5/21/2018 10:30,-5.60E-08,-2.094395168,2.09439504
5/21/2018 10:45,-5.46E-08,-2.094395169,2.094395042
5/21/2018 11:00,-5.30E-08,-2.094395167,2.094395044
5/21/2018 11:15,-5.25E-08,-2.094395167,2.094395044
5/21/2018 11:30,-5.33E-08,-2.094395167,2.094395044
5/21/2018 11:45,-5.35E-08,-2.094395167,2.094395043
5/21/2018 12:00,-5.49E-08,-2.094395167,2.094395041
5/21/2018 12:15,-5.39E-08,-2.094395166,2.094395042
5/21/2018 12:30,-5.36E-08,-2.094395166,2.094395043
5/21/2018 12:45,-5.31E-08,-2.094395165,2.094395043
5/21/2018 13:00,-5.32E-08,-2.094395166,2.094395042
5/21/2018 13:15,-5.48E-08,-2.094395167,2.094395041
5/21/2018 13:30,-5.55E-08,-2.094395168,2.09439504
5/21/2018 13:45,-5.61E-08,-2.094395168,2.094395039
5/21/2018 14:00,-5.63E-08,-2.094395168,2.094395039
5/21/2018 14:15,-5.40E-08,-2.094395168,2.094395042
5/21/2018 14:30,-5.20E-08,-2.094395168,2.094395045
5/21/2018 14:45,-5.10E-08,-2.094395167,2.094395048
5/21/2018 15:00,-4.90E-08,-2.094395167,2.094395051
5/21/2018 15:15,-4.86E-08,-2.094395167,2.09439505
5/21/2018 15:30,-4.74E-08,-2.094395165,2.09439505
5/21/2018 15:45,-5.04E-08,-2.094395166,2.094395047
5/21/2018 16:00,-5.16E-08,-2.094395166,2.094395045
5/21/2018 16:15,-5.11E-08,-2.094395166,2.094395046
5/21/2018 16:30,-5.13E-08,-2.094395165,2.094395046
5/21/2018 16:45,-5.16E-08,-2.094395164,2.094395045
5/21/2018 17:00,-5.19E-08,-2.094395164,2.094395044
5/21/2018 17:15,-5.28E-08,-2.094395163,2.094395044
5/21/2018 17:30,-5.27E-08,-2.094395162,2.094395045
5/21/2018 17:45,-5.16E-08,-2.094395162,2.094395044
5/21/2018 18:00,-5.14E-08,-2.09439516,2.094395044
5/21/2018 18:15,-5.11E-08,-2.094395158,2.094395044
5/21/2018 18:30,-5.22E-08,-2.094395159,2.094395043
5/21/2018 18:45,-5.47E-08,-2.094395161,2.094395041
5/22/2018 7:00,-5.95E-08,-2.094395165,2.094395035
5/22/2018 7:15,-5.95E-08,-2.094395167,2.094395035
5/22/2018 7:30,-5.98E-08,-2.094395167,2.094395035
5/22/2018 7:45,-5.98E-08,-2.094395168,2.094395036
5/22/2018 8:00,-5.87E-08,-2.094395168,2.094395037
5/22/2018 8:15,-5.90E-08,-2.094395168,2.094395037
5/22/2018 8:30,-5.85E-08,-2.094395168,2.094395036
5/22/2018 8:45,-5.84E-08,-2.094395168,2.094395036
5/22/2018 9:00,-5.87E-08,-2.094395168,2.094395036
5/22/2018 9:15,-5.66E-08,-2.094395168,2.094395039
5/22/2018 9:30,-5.43E-08,-2.094395168,2.094395042
5/22/2018 9:45,-5.22E-08,-2.094395168,2.094395046
5/22/2018 10:00,-5.02E-08,-2.094395169,2.094395049
5/22/2018 10:15,-4.87E-08,-2.094395168,2.094395051
5/22/2018 10:30,-4.69E-08,-2.094395167,2.094395054
5/22/2018 10:45,-4.75E-08,-2.094395167,2.094395054
5/22/2018 11:00,-4.66E-08,-2.094395167,2.094395055
5/22/2018 11:15,-4.69E-08,-2.094395168,2.094395054
5/22/2018 11:30,-4.87E-08,-2.094395167,2.094395053
5/22/2018 11:45,-4.68E-08,-2.094395166,2.094395055
5/22/2018 12:00,-4.60E-08,-2.094395167,2.094395056
5/22/2018 12:15,-4.27E-08,-2.094395166,2.094395061
5/22/2018 12:30,-3.91E-08,-2.094395164,2.094395066
5/22/2018 12:45,-4.18E-08,-2.094395164,2.094395061
5/22/2018 13:00,-4.52E-08,-2.094395165,2.094395056
5/22/2018 13:15,-4.58E-08,-2.094395166,2.094395056
5/22/2018 13:30,-4.54E-08,-2.094395167,2.094395057
5/22/2018 13:45,-4.73E-08,-2.094395167,2.094395054
5/22/2018 14:00,-4.85E-08,-2.094395168,2.094395052
5/22/2018 14:15,-4.78E-08,-2.094395168,2.094395053
5/22/2018 14:30,-4.71E-08,-2.094395168,2.094395054
5/22/2018 14:45,-4.47E-08,-2.094395167,2.094395057
5/22/2018 15:00,-4.28E-08,-2.094395168,2.09439506
5/22/2018 15:15,-4.38E-08,-2.094395167,2.094395059
5/22/2018 15:30,-4.30E-08,-2.094395165,2.094395059
5/22/2018 15:45,-4.34E-08,-2.094395165,2.094395059
5/22/2018 16:00,-4.38E-08,-2.094395165,2.094395058
5/22/2018 16:15,-4.47E-08,-2.094395163,2.094395057
5/22/2018 16:30,-4.61E-08,-2.094395163,2.094395056
5/22/2018 16:45,-4.68E-08,-2.094395162,2.094395054
5/22/2018 17:00,-4.83E-08,-2.094395162,2.094395053
5/22/2018 17:15,-4.90E-08,-2.094395161,2.094395051
5/22/2018 17:30,-4.89E-08,-2.094395161,2.09439505
5/22/2018 17:45,-4.97E-08,-2.094395161,2.094395049
5/22/2018 18:00,-5.03E-08,-2.094395159,2.094395048
5/22/2018 18:15,-5.18E-08,-2.094395159,2.094395046
5/22/2018 18:30,-5.26E-08,-2.094395159,2.094395044
5/22/2018 18:45,-5.52E-08,-2.09439516,2.094395042
5/23/2018 7:00,-6.27E-08,-2.094395168,2.094395033
5/23/2018 7:15,-6.25E-08,-2.094395169,2.094395032
5/23/2018 7:30,-6.19E-08,-2.094395169,2.094395032
5/23/2018 7:45,-6.21E-08,-2.09439517,2.094395032
5/23/2018 8:00,-6.22E-08,-2.09439517,2.094395032
5/23/2018 8:15,-6.14E-08,-2.09439517,2.094395033
5/23/2018 8:30,-6.10E-08,-2.094395171,2.094395032
5/23/2018 8:45,-5.91E-08,-2.09439517,2.094395035
5/23/2018 9:00,-5.85E-08,-2.09439517,2.094395036
5/23/2018 9:15,-5.79E-08,-2.09439517,2.094395037
5/23/2018 9:30,-5.71E-08,-2.094395169,2.094395038
5/23/2018 9:45,-5.68E-08,-2.094395169,2.094395039
5/23/2018 10:00,-5.63E-08,-2.094395169,2.09439504
5/23/2018 10:15,-5.60E-08,-2.094395169,2.09439504
5/23/2018 10:30,-5.57E-08,-2.094395169,2.094395041
5/23/2018 10:45,-5.49E-08,-2.094395169,2.094395042
5/23/2018 11:00,-5.39E-08,-2.094395169,2.094395043
5/23/2018 11:15,-5.50E-08,-2.094395168,2.094395041
5/23/2018 11:30,-5.84E-08,-2.094395168,2.094395039
5/23/2018 11:45,-5.89E-08,-2.094395168,2.094395038
5/23/2018 12:00,-5.88E-08,-2.094395169,2.094395037
5/23/2018 12:15,-5.58E-08,-2.094395168,2.094395041
5/23/2018 12:30,-5.28E-08,-2.094395166,2.094395045
5/23/2018 12:45,-5.29E-08,-2.094395166,2.094395045
5/23/2018 13:00,-5.39E-08,-2.094395166,2.094395044
5/23/2018 13:15,-5.13E-08,-2.094395167,2.094395048
5/23/2018 13:30,-4.86E-08,-2.094395168,2.094395053
5/23/2018 13:45,-4.83E-08,-2.094395169,2.094395053
5/23/2018 14:00,-4.74E-08,-2.094395169,2.094395054
5/23/2018 14:15,-4.95E-08,-2.09439517,2.094395051
5/23/2018 14:30,-5.14E-08,-2.09439517,2.094395048
5/23/2018 14:45,-5.22E-08,-2.094395169,2.094395047
5/23/2018 15:00,-5.32E-08,-2.094395169,2.094395045
5/23/2018 15:15,-5.46E-08,-2.09439517,2.094395043
5/23/2018 15:30,-5.42E-08,-2.094395167,2.094395043
5/23/2018 15:45,-5.44E-08,-2.094395166,2.094395043
5/23/2018 16:00,-5.46E-08,-2.094395166,2.094395043
5/23/2018 16:15,-5.40E-08,-2.094395165,2.094395044
5/23/2018 16:30,-5.36E-08,-2.094395164,2.094395045
5/23/2018 16:45,-5.27E-08,-2.094395164,2.094395046
5/23/2018 17:00,-5.20E-08,-2.094395163,2.094395046
5/23/2018 17:15,-5.19E-08,-2.094395162,2.094395046
5/23/2018 17:30,-5.18E-08,-2.094395163,2.094395046
5/23/2018 17:45,-5.29E-08,-2.094395162,2.094395045
5/23/2018 18:00,-5.31E-08,-2.094395161,2.094395045
5/23/2018 18:15,-5.27E-08,-2.09439516,2.094395044
5/23/2018 18:30,-5.28E-08,-2.09439516,2.094395044
5/23/2018 18:45,-5.53E-08,-2.09439516,2.094395042
5/24/2018 7:00,-5.90E-08,-2.094395166,2.094395035
5/24/2018 7:15,-5.90E-08,-2.094395167,2.094395035
5/24/2018 7:30,-5.91E-08,-2.094395167,2.094395035
5/24/2018 7:45,-5.90E-08,-2.094395168,2.094395036
5/24/2018 8:00,-5.77E-08,-2.094395168,2.094395038
5/24/2018 8:15,-5.71E-08,-2.094395169,2.094395038
5/24/2018 8:30,-5.64E-08,-2.094395168,2.094395039
5/24/2018 8:45,-5.64E-08,-2.094395169,2.094395039
5/24/2018 9:00,-5.71E-08,-2.094395169,2.094395039
5/24/2018 9:15,-5.59E-08,-2.094395169,2.094395042
5/24/2018 9:30,-5.37E-08,-2.094395168,2.094395045
5/24/2018 9:45,-5.13E-08,-2.094395168,2.094395048
5/24/2018 10:00,-4.90E-08,-2.094395168,2.094395051
5/24/2018 10:15,-4.93E-08,-2.094395168,2.094395051
5/24/2018 10:30,-4.99E-08,-2.094395168,2.094395051
5/24/2018 10:45,-4.88E-08,-2.094395168,2.094395052
5/24/2018 11:00,-4.78E-08,-2.094395167,2.094395053
5/24/2018 11:15,-4.66E-08,-2.094395168,2.094395056
5/24/2018 11:30,-4.58E-08,-2.094395168,2.094395058
5/24/2018 11:45,-4.40E-08,-2.094395167,2.094395059
5/24/2018 12:00,-4.55E-08,-2.094395168,2.09439506
5/24/2018 12:15,-4.41E-08,-2.094395167,2.09439506
5/24/2018 12:30,-4.30E-08,-2.094395165,2.094395061
5/24/2018 12:45,-4.37E-08,-2.094395165,2.09439506
5/24/2018 13:00,-4.41E-08,-2.094395166,2.09439506
5/24/2018 13:15,-4.63E-08,-2.094395167,2.094395057
5/24/2018 13:30,-4.75E-08,-2.094395167,2.094395056
5/24/2018 13:45,-4.67E-08,-2.094395168,2.094395057
5/24/2018 14:00,-4.59E-08,-2.094395168,2.094395058
5/24/2018 14:15,-4.35E-08,-2.094395169,2.09439506
5/24/2018 14:30,-4.20E-08,-2.094395168,2.094395063
5/24/2018 14:45,-4.28E-08,-2.094395167,2.094395061
5/24/2018 15:00,-4.37E-08,-2.094395167,2.094395059
5/24/2018 15:15,-4.48E-08,-2.094395167,2.094395058
5/24/2018 15:30,-4.45E-08,-2.094395166,2.094395057
5/24/2018 15:45,-4.79E-08,-2.094395165,2.094395053
5/24/2018 16:00,-5.12E-08,-2.094395166,2.094395049
5/24/2018 16:15,-5.15E-08,-2.094395165,2.094395048
5/24/2018 16:30,-5.14E-08,-2.094395165,2.094395048
5/24/2018 16:45,-5.22E-08,-2.094395164,2.094395047
5/24/2018 17:00,-5.32E-08,-2.094395165,2.094395045
5/24/2018 17:15,-5.35E-08,-2.094395164,2.094395045
5/24/2018 17:30,-5.40E-08,-2.094395162,2.094395045
5/24/2018 17:45,-5.40E-08,-2.094395163,2.094395045
5/24/2018 18:00,-5.39E-08,-2.094395162,2.094395044
5/24/2018 18:15,-5.31E-08,-2.094395161,2.094395044
5/24/2018 18:30,-5.36E-08,-2.094395161,2.094395043
5/24/2018 18:45,-5.59E-08,-2.094395163,2.094395041
5/25/2018 7:00,-3.10E-08,-2.094395139,2.09439506
5/25/2018 7:15,-3.00E-08,-2.094395139,2.094395061
5/25/2018 7:30,-3.00E-08,-2.09439514,2.094395061
5/25/2018 7:45,-2.93E-08,-2.094395141,2.094395062
5/25/2018 8:00,-2.81E-08,-2.09439514,2.094395064
5/25/2018 8:15,-2.76E-08,-2.09439514,2.094395065
5/25/2018 8:30,-2.72E-08,-2.094395141,2.094395064
5/25/2018 8:45,-2.73E-08,-2.094395142,2.094395064
5/25/2018 9:00,-2.91E-08,-2.094395143,2.094395063
5/25/2018 9:15,-3.00E-08,-2.094395143,2.094395062
5/25/2018 9:30,-3.07E-08,-2.094395144,2.094395062
5/25/2018 9:45,-3.04E-08,-2.094395142,2.094395062
5/25/2018 10:00,-3.08E-08,-2.094395142,2.094395062
5/25/2018 10:15,-3.08E-08,-2.094395142,2.094395063
5/25/2018 10:30,-3.04E-08,-2.094395142,2.094395063
5/25/2018 10:45,-2.85E-08,-2.094395143,2.094395064
5/25/2018 11:00,-2.70E-08,-2.094395142,2.094395066
5/25/2018 11:15,-2.73E-08,-2.094395142,2.094395066
5/25/2018 11:30,-2.86E-08,-2.094395141,2.094395065
5/25/2018 11:45,-2.74E-08,-2.094395141,2.094395066
5/25/2018 12:00,-2.71E-08,-2.094395141,2.094395066
5/25/2018 12:15,-2.45E-08,-2.09439514,2.094395069
5/25/2018 12:30,-2.22E-08,-2.094395139,2.094395072
5/25/2018 12:45,-2.05E-08,-2.094395139,2.094395074
5/25/2018 13:00,-1.98E-08,-2.094395139,2.094395076
5/25/2018 13:15,-1.84E-08,-2.094395139,2.09439508
5/25/2018 13:30,-1.64E-08,-2.09439514,2.094395084
5/25/2018 13:45,-1.30E-08,-2.09439514,2.094395088
5/25/2018 14:00,-1.20E-08,-2.094395139,2.09439509
5/25/2018 14:15,-1.23E-08,-2.094395139,2.09439509
5/25/2018 14:30,-1.26E-08,-2.094395139,2.094395091
5/25/2018 14:45,-1.38E-08,-2.094395139,2.09439509
5/25/2018 15:00,-1.46E-08,-2.094395139,2.094395089
5/25/2018 15:15,-1.63E-08,-2.094395141,2.094395086
5/25/2018 15:30,-1.59E-08,-2.09439514,2.094395085
5/25/2018 15:45,-1.67E-08,-2.094395139,2.094395083
5/25/2018 16:00,-1.81E-08,-2.094395139,2.094395081
5/25/2018 16:15,-2.05E-08,-2.09439514,2.094395078
5/25/2018 16:30,-2.19E-08,-2.09439514,2.094395077
5/25/2018 16:45,-2.37E-08,-2.09439514,2.094395075
5/25/2018 17:00,-2.75E-08,-2.094395141,2.094395073
5/25/2018 17:15,-2.85E-08,-2.094395142,2.09439507
5/25/2018 17:30,-2.76E-08,-2.094395141,2.094395068
5/25/2018 17:45,-2.90E-08,-2.094395141,2.094395066
5/25/2018 18:00,-3.14E-08,-2.094395141,2.094395065
5/25/2018 18:15,-3.14E-08,-2.094395141,2.094395063
5/25/2018 18:30,-3.25E-08,-2.094395141,2.094395061
5/25/2018 18:45,-3.47E-08,-2.094395143,2.094395059
5/26/2018 7:00,-2.02E-08,-2.094395127,2.094395076
5/26/2018 7:15,-1.99E-08,-2.094395127,2.094395077
5/26/2018 7:30,-1.98E-08,-2.094395127,2.094395078
5/26/2018 7:45,-1.96E-08,-2.094395128,2.094395079
5/26/2018 8:00,-1.85E-08,-2.094395129,2.09439508
5/26/2018 8:15,-1.77E-08,-2.094395129,2.094395081
5/26/2018 8:30,-1.69E-08,-2.094395128,2.094395082
5/26/2018 8:45,-1.78E-08,-2.094395128,2.094395082
5/26/2018 9:00,-1.79E-08,-2.094395129,2.094395083
5/26/2018 9:15,-1.68E-08,-2.094395128,2.094395084
5/26/2018 9:30,-1.57E-08,-2.094395128,2.094395087
5/26/2018 9:45,-1.41E-08,-2.094395127,2.094395089
5/26/2018 10:00,-1.24E-08,-2.094395127,2.094395091
5/26/2018 10:15,-1.03E-08,-2.094395127,2.094395095
5/26/2018 10:30,-7.12E-09,-2.094395127,2.094395098
5/26/2018 10:45,-5.15E-09,-2.094395127,2.0943951
5/26/2018 11:00,-3.87E-09,-2.094395127,2.094395102
5/26/2018 11:15,-3.58E-09,-2.094395127,2.094395102
5/26/2018 11:30,-4.42E-09,-2.094395127,2.094395102
5/26/2018 11:45,-3.73E-09,-2.094395127,2.094395102
5/26/2018 12:00,-3.90E-09,-2.094395127,2.094395102
5/26/2018 12:15,-3.72E-09,-2.094395127,2.094395102
5/26/2018 12:30,-3.53E-09,-2.094395127,2.094395102
5/26/2018 12:45,-4.52E-09,-2.094395128,2.094395102
5/26/2018 13:00,-6.42E-09,-2.094395127,2.094395102
5/26/2018 13:15,-6.84E-09,-2.094395127,2.094395102
5/26/2018 13:30,-6.06E-09,-2.094395128,2.094395101
5/26/2018 13:45,-3.86E-09,-2.094395128,2.094395101
5/26/2018 14:00,-4.48E-09,-2.094395128,2.094395101
5/26/2018 14:15,-4.67E-09,-2.094395129,2.094395101
5/26/2018 14:30,-5.07E-09,-2.094395129,2.0943951
5/26/2018 14:45,-5.92E-09,-2.094395128,2.094395099
5/26/2018 15:00,-5.95E-09,-2.094395128,2.094395098
5/26/2018 15:15,-6.64E-09,-2.094395129,2.094395097
5/26/2018 15:30,-8.92E-09,-2.094395129,2.094395094
5/26/2018 15:45,-1.01E-08,-2.09439513,2.094395092
5/26/2018 16:00,-1.09E-08,-2.09439513,2.09439509
5/26/2018 16:15,-1.25E-08,-2.09439513,2.094395089
5/26/2018 16:30,-1.38E-08,-2.094395131,2.094395087
5/26/2018 16:45,-1.47E-08,-2.094395131,2.094395085
5/26/2018 17:00,-1.65E-08,-2.09439513,2.094395084
5/26/2018 17:15,-1.78E-08,-2.09439513,2.094395081
5/26/2018 17:30,-1.89E-08,-2.09439513,2.094395079
5/26/2018 17:45,-2.01E-08,-2.09439513,2.094395077
5/26/2018 18:00,-2.13E-08,-2.09439513,2.094395076
5/26/2018 18:15,-2.28E-08,-2.09439513,2.094395074
5/26/2018 18:30,-2.48E-08,-2.094395131,2.094395072
5/26/2018 18:45,-2.89E-08,-2.094395134,2.094395069
5/27/2018 7:00,-6.80E-08,-2.094395178,2.094395028
5/27/2018 7:15,-6.75E-08,-2.094395178,2.094395028
5/27/2018 7:30,-6.63E-08,-2.094395179,2.09439503
5/27/2018 7:45,-6.55E-08,-2.09439518,2.094395031
5/27/2018 8:00,-6.30E-08,-2.094395179,2.094395034
5/27/2018 8:15,-6.22E-08,-2.094395179,2.094395036
5/27/2018 8:30,-6.10E-08,-2.094395178,2.094395038
5/27/2018 8:45,-6.06E-08,-2.094395178,2.094395039
5/27/2018 9:00,-6.02E-08,-2.094395179,2.094395041
5/27/2018 9:15,-5.85E-08,-2.094395179,2.094395042
5/27/2018 9:30,-5.71E-08,-2.094395179,2.094395044
5/27/2018 9:45,-5.67E-08,-2.094395179,2.094395045
5/27/2018 10:00,-5.60E-08,-2.09439518,2.094395046
5/27/2018 10:15,-5.54E-08,-2.09439518,2.094395047
5/27/2018 10:30,-5.53E-08,-2.09439518,2.094395048
5/27/2018 10:45,-5.55E-08,-2.09439518,2.094395048
5/27/2018 11:00,-5.72E-08,-2.09439518,2.094395048
5/27/2018 11:15,-5.74E-08,-2.09439518,2.094395048
5/27/2018 11:30,-5.87E-08,-2.094395181,2.094395047
5/27/2018 11:45,-5.74E-08,-2.094395181,2.094395047
5/27/2018 12:00,-5.58E-08,-2.094395182,2.094395047
5/27/2018 12:15,-5.45E-08,-2.094395181,2.094395048
5/27/2018 12:30,-5.38E-08,-2.09439518,2.094395049
5/27/2018 12:45,-5.36E-08,-2.09439518,2.094395049
5/27/2018 13:00,-5.40E-08,-2.094395182,2.094395048
5/27/2018 13:15,-5.50E-08,-2.094395183,2.094395047
5/27/2018 13:30,-5.55E-08,-2.094395182,2.094395047
5/27/2018 13:45,-5.60E-08,-2.094395183,2.094395046
5/27/2018 14:00,-5.61E-08,-2.094395183,2.094395046
5/27/2018 14:15,-5.60E-08,-2.094395183,2.094395046
5/27/2018 14:30,-5.59E-08,-2.094395183,2.094395046
5/27/2018 14:45,-5.59E-08,-2.094395182,2.094395045
5/27/2018 15:00,-5.87E-08,-2.094395183,2.094395044
5/27/2018 15:15,-5.99E-08,-2.094395183,2.094395042
5/27/2018 15:30,-5.94E-08,-2.094395181,2.094395042
5/27/2018 15:45,-6.04E-08,-2.09439518,2.094395041
5/27/2018 16:00,-6.00E-08,-2.09439518,2.094395039
5/27/2018 16:15,-6.04E-08,-2.09439518,2.094395038
5/27/2018 16:30,-6.13E-08,-2.09439518,2.094395038
5/27/2018 16:45,-6.20E-08,-2.094395178,2.094395036
5/27/2018 17:00,-6.34E-08,-2.094395178,2.094395034
5/27/2018 17:15,-6.42E-08,-2.094395178,2.094395032
5/27/2018 17:30,-6.54E-08,-2.094395177,2.094395031
5/27/2018 17:45,-6.56E-08,-2.094395176,2.094395031
5/27/2018 18:00,-6.61E-08,-2.094395176,2.09439503
5/27/2018 18:15,-6.53E-08,-2.094395175,2.094395028
5/27/2018 18:30,-6.60E-08,-2.094395175,2.094395027
5/27/2018 18:45,-6.81E-08,-2.094395176,2.094395025
5/28/2018 7:00,-6.20E-08,-2.094395169,2.094395035
5/28/2018 7:15,-6.23E-08,-2.094395171,2.094395035
5/28/2018 7:30,-6.15E-08,-2.094395172,2.094395036
5/28/2018 7:45,-6.11E-08,-2.094395174,2.094395037
5/28/2018 8:00,-6.00E-08,-2.094395173,2.094395039
5/28/2018 8:15,-5.91E-08,-2.094395174,2.09439504
5/28/2018 8:30,-5.78E-08,-2.094395175,2.094395042
5/28/2018 8:45,-5.67E-08,-2.094395174,2.094395044
5/28/2018 9:00,-5.59E-08,-2.094395174,2.094395045
5/28/2018 9:15,-5.52E-08,-2.094395176,2.094395046
5/28/2018 9:30,-5.44E-08,-2.094395175,2.094395048
5/28/2018 9:45,-5.37E-08,-2.094395176,2.094395049
5/28/2018 10:00,-5.32E-08,-2.094395177,2.09439505
5/28/2018 10:15,-5.25E-08,-2.094395176,2.094395051
5/28/2018 10:30,-5.17E-08,-2.094395177,2.094395053
5/28/2018 10:45,-5.15E-08,-2.094395177,2.094395053
5/28/2018 11:00,-5.12E-08,-2.094395176,2.094395053
5/28/2018 11:15,-5.11E-08,-2.094395176,2.094395053
5/28/2018 11:30,-5.23E-08,-2.094395176,2.094395052
5/28/2018 11:45,-5.15E-08,-2.094395176,2.094395052
5/28/2018 12:00,-5.16E-08,-2.094395177,2.094395052
5/28/2018 12:15,-5.06E-08,-2.094395176,2.094395053
5/28/2018 12:30,-5.10E-08,-2.094395175,2.094395054
5/28/2018 12:45,-5.09E-08,-2.094395175,2.094395054
5/28/2018 13:00,-4.99E-08,-2.094395175,2.094395054
5/28/2018 13:15,-5.10E-08,-2.094395176,2.094395052
5/28/2018 13:30,-5.17E-08,-2.094395177,2.094395052
5/28/2018 13:45,-5.24E-08,-2.094395177,2.094395051
5/28/2018 14:00,-5.23E-08,-2.094395177,2.094395051
5/28/2018 14:15,-5.20E-08,-2.094395178,2.094395051
5/28/2018 14:30,-5.20E-08,-2.094395178,2.094395051
5/28/2018 14:45,-5.19E-08,-2.094395177,2.094395051
5/28/2018 15:00,-5.23E-08,-2.094395176,2.09439505
5/28/2018 15:15,-5.30E-08,-2.094395177,2.094395048
5/28/2018 15:30,-5.20E-08,-2.094395175,2.094395049
5/28/2018 15:45,-5.27E-08,-2.094395173,2.094395047
5/28/2018 16:00,-5.33E-08,-2.094395172,2.094395046
5/28/2018 16:15,-5.41E-08,-2.094395171,2.094395045
5/28/2018 16:30,-5.57E-08,-2.094395172,2.094395044
5/28/2018 16:45,-5.62E-08,-2.094395171,2.094395042
5/28/2018 17:00,-5.69E-08,-2.09439517,2.094395041
5/28/2018 17:15,-5.69E-08,-2.094395169,2.09439504
5/28/2018 17:30,-5.69E-08,-2.094395168,2.094395039
5/28/2018 17:45,-5.66E-08,-2.094395166,2.094395039
5/28/2018 18:00,-5.64E-08,-2.094395166,2.094395038
5/28/2018 18:15,-5.60E-08,-2.094395165,2.094395038
5/28/2018 18:30,-5.56E-08,-2.094395163,2.094395038
5/28/2018 18:45,-5.89E-08,-2.094395164,2.094395036
5/29/2018 7:00,-6.11E-08,-2.094395166,2.094395036
5/29/2018 7:15,-6.18E-08,-2.094395167,2.094395036
5/29/2018 7:30,-6.36E-08,-2.094395168,2.094395037
5/29/2018 7:45,-6.16E-08,-2.094395169,2.094395038
5/29/2018 8:00,-5.95E-08,-2.094395169,2.09439504
5/29/2018 8:15,-5.77E-08,-2.094395169,2.094395042
5/29/2018 8:30,-5.36E-08,-2.094395169,2.094395044
5/29/2018 8:45,-5.22E-08,-2.094395169,2.094395046
5/29/2018 9:00,-5.08E-08,-2.094395169,2.094395048
5/29/2018 9:15,-4.95E-08,-2.094395168,2.09439505
5/29/2018 9:30,-4.80E-08,-2.094395168,2.094395052
5/29/2018 9:45,-4.70E-08,-2.094395168,2.094395054
5/29/2018 10:00,-4.61E-08,-2.094395168,2.094395055
5/29/2018 10:15,-4.65E-08,-2.094395168,2.094395055
5/29/2018 10:30,-4.68E-08,-2.094395168,2.094395054
5/29/2018 10:45,-4.50E-08,-2.094395168,2.094395056
5/29/2018 11:00,-4.25E-08,-2.094395167,2.094395059
5/29/2018 11:15,-4.07E-08,-2.094395167,2.094395062
5/29/2018 11:30,-4.13E-08,-2.094395167,2.094395062
5/29/2018 11:45,-4.06E-08,-2.094395167,2.094395062
5/29/2018 12:00,-4.09E-08,-2.094395167,2.094395062
5/29/2018 12:15,-3.98E-08,-2.094395166,2.094395063
5/29/2018 12:30,-3.86E-08,-2.094395165,2.094395064
5/29/2018 12:45,-3.84E-08,-2.094395165,2.094395064
5/29/2018 13:00,-3.85E-08,-2.094395166,2.094395064
5/29/2018 13:15,-3.98E-08,-2.094395167,2.094395063
5/29/2018 13:30,-4.02E-08,-2.094395167,2.094395062
5/29/2018 13:45,-4.06E-08,-2.094395168,2.094395062
5/29/2018 14:00,-4.08E-08,-2.094395168,2.094395061
5/29/2018 14:15,-4.09E-08,-2.094395168,2.094395061
5/29/2018 14:30,-4.21E-08,-2.094395168,2.094395061
5/29/2018 14:45,-4.25E-08,-2.094395168,2.094395061
5/29/2018 15:00,-4.38E-08,-2.094395168,2.09439506
5/29/2018 15:15,-4.67E-08,-2.094395168,2.094395058
5/29/2018 15:30,-4.46E-08,-2.094395167,2.094395059
5/29/2018 15:45,-4.34E-08,-2.094395167,2.094395057
5/29/2018 16:00,-4.42E-08,-2.094395166,2.094395056
5/29/2018 16:15,-4.51E-08,-2.094395165,2.094395054
5/29/2018 16:30,-4.74E-08,-2.094395165,2.094395052
5/29/2018 16:45,-4.88E-08,-2.094395165,2.09439505
5/29/2018 17:00,-5.06E-08,-2.094395165,2.094395048
5/29/2018 17:15,-5.02E-08,-2.094395164,2.094395047
5/29/2018 17:30,-5.03E-08,-2.094395164,2.094395046
5/29/2018 17:45,-5.10E-08,-2.094395163,2.094395045
5/29/2018 18:00,-5.11E-08,-2.094395162,2.094395045
5/29/2018 18:15,-5.28E-08,-2.09439516,2.094395044
5/29/2018 18:30,-5.43E-08,-2.09439516,2.094395042
5/29/2018 18:45,-5.63E-08,-2.094395161,2.094395041
5/30/2018 7:00,-5.92E-08,-2.094395168,2.094395038
5/30/2018 7:15,-5.85E-08,-2.094395167,2.094395038
5/30/2018 7:30,-5.69E-08,-2.094395168,2.094395039
5/30/2018 7:45,-5.58E-08,-2.094395169,2.094395041
5/30/2018 8:00,-5.36E-08,-2.094395169,2.094395044
5/30/2018 8:15,-5.26E-08,-2.09439517,2.094395046
5/30/2018 8:30,-5.10E-08,-2.09439517,2.094395047
5/30/2018 8:45,-4.97E-08,-2.09439517,2.094395049
5/30/2018 9:00,-4.77E-08,-2.094395168,2.094395052
5/30/2018 9:15,-4.66E-08,-2.094395168,2.094395054
5/30/2018 9:30,-4.50E-08,-2.094395168,2.094395056
5/30/2018 9:45,-4.40E-08,-2.094395168,2.094395058
5/30/2018 10:00,-4.30E-08,-2.094395168,2.09439506
5/30/2018 10:15,-4.24E-08,-2.094395169,2.094395061
5/30/2018 10:30,-4.14E-08,-2.094395168,2.094395063
5/30/2018 10:45,-4.07E-08,-2.094395167,2.094395063
5/30/2018 11:00,-4.04E-08,-2.094395167,2.094395064
5/30/2018 11:15,-4.02E-08,-2.094395168,2.094395064
5/30/2018 11:30,-4.14E-08,-2.094395167,2.094395063
5/30/2018 11:45,-4.09E-08,-2.094395168,2.094395063
5/30/2018 12:00,-4.11E-08,-2.094395167,2.094395063
5/30/2018 12:15,-4.01E-08,-2.094395166,2.094395064
5/30/2018 12:30,-3.90E-08,-2.094395165,2.094395065
5/30/2018 12:45,-3.85E-08,-2.094395165,2.094395065
5/30/2018 13:00,-3.90E-08,-2.094395165,2.094395065
5/30/2018 13:15,-4.02E-08,-2.094395167,2.094395064
5/30/2018 13:30,-4.06E-08,-2.094395167,2.094395063
5/30/2018 13:45,-4.13E-08,-2.094395168,2.094395063
5/30/2018 14:00,-4.14E-08,-2.094395168,2.094395062
5/30/2018 14:15,-4.13E-08,-2.094395168,2.094395062
5/30/2018 14:30,-4.19E-08,-2.094395168,2.094395062
5/30/2018 14:45,-4.21E-08,-2.094395168,2.094395062
5/30/2018 15:00,-4.25E-08,-2.094395168,2.094395061
5/30/2018 15:15,-4.34E-08,-2.094395168,2.094395059
5/30/2018 15:30,-4.26E-08,-2.094395166,2.09439506
5/30/2018 15:45,-4.43E-08,-2.094395165,2.094395058
5/30/2018 16:00,-4.57E-08,-2.094395166,2.094395057
5/30/2018 16:15,-4.65E-08,-2.094395164,2.094395055
5/30/2018 16:30,-4.81E-08,-2.094395164,2.094395054
5/30/2018 16:45,-4.99E-08,-2.094395165,2.094395051
5/30/2018 17:00,-5.05E-08,-2.094395165,2.09439505
5/30/2018 17:15,-5.00E-08,-2.094395164,2.094395048
5/30/2018 17:30,-5.01E-08,-2.094395164,2.094395047
5/30/2018 17:45,-5.03E-08,-2.094395163,2.094395046
5/30/2018 18:00,-5.03E-08,-2.094395162,2.094395045
5/30/2018 18:15,-5.12E-08,-2.09439516,2.094395045
5/30/2018 18:30,-5.19E-08,-2.09439516,2.094395043
5/30/2018 18:45,-5.51E-08,-2.094395161,2.094395041
5/31/2018 7:00,-5.97E-08,-2.094395169,2.094395036
5/31/2018 7:15,-5.91E-08,-2.09439517,2.094395037
5/31/2018 7:30,-5.75E-08,-2.094395171,2.094395039
5/31/2018 7:45,-5.79E-08,-2.094395173,2.094395039
5/31/2018 8:00,-5.65E-08,-2.094395172,2.094395041
5/31/2018 8:15,-5.54E-08,-2.094395172,2.094395042
5/31/2018 8:30,-5.42E-08,-2.094395173,2.094395044
5/31/2018 8:45,-5.32E-08,-2.094395172,2.094395046
5/31/2018 9:00,-5.21E-08,-2.094395172,2.094395047
5/31/2018 9:15,-5.12E-08,-2.094395172,2.094395049
5/31/2018 9:30,-5.01E-08,-2.094395173,2.094395051
5/31/2018 9:45,-4.93E-08,-2.094395173,2.094395053
5/31/2018 10:00,-4.76E-08,-2.094395172,2.094395055
5/31/2018 10:15,-4.70E-08,-2.094395172,2.094395056
5/31/2018 10:30,-4.61E-08,-2.094395172,2.094395058
5/31/2018 10:45,-4.59E-08,-2.094395172,2.094395057
5/31/2018 11:00,-4.56E-08,-2.094395172,2.094395058
5/31/2018 11:15,-4.58E-08,-2.094395172,2.094395057
5/31/2018 11:30,-4.70E-08,-2.094395173,2.094395057
5/31/2018 11:45,-4.64E-08,-2.094395174,2.094395056
5/31/2018 12:00,-4.70E-08,-2.094395174,2.094395056
5/31/2018 12:15,-4.64E-08,-2.094395173,2.094395056
5/31/2018 12:30,-4.57E-08,-2.094395172,2.094395057
5/31/2018 12:45,-4.59E-08,-2.094395172,2.094395057
5/31/2018 13:00,-4.65E-08,-2.094395172,2.094395057
5/31/2018 13:15,-4.79E-08,-2.094395174,2.094395056
5/31/2018 13:30,-4.84E-08,-2.094395174,2.094395055
5/31/2018 13:45,-4.94E-08,-2.094395175,2.094395054
5/31/2018 14:00,-4.99E-08,-2.094395175,2.094395054
5/31/2018 14:15,-5.01E-08,-2.094395175,2.094395053
5/31/2018 14:30,-4.98E-08,-2.094395175,2.094395053
5/31/2018 14:45,-4.95E-08,-2.094395175,2.094395053
5/31/2018 15:00,-5.03E-08,-2.094395174,2.094395052
5/31/2018 15:15,-5.11E-08,-2.094395175,2.09439505
5/31/2018 15:30,-5.02E-08,-2.094395173,2.094395051
5/31/2018 15:45,-5.11E-08,-2.094395172,2.094395049
5/31/2018 16:00,-5.19E-08,-2.094395171,2.094395048
5/31/2018 16:15,-5.29E-08,-2.094395171,2.094395046
5/31/2018 16:30,-5.46E-08,-2.094395172,2.094395044
5/31/2018 16:45,-5.53E-08,-2.09439517,2.094395043
5/31/2018 17:00,-5.58E-08,-2.09439517,2.094395042
5/31/2018 17:15,-5.58E-08,-2.094395169,2.09439504
5/31/2018 17:30,-5.60E-08,-2.094395168,2.094395039
5/31/2018 17:45,-5.62E-08,-2.094395166,2.094395039
5/31/2018 18:00,-5.64E-08,-2.094395166,2.094395038
5/31/2018 18:15,-5.73E-08,-2.094395165,2.094395037
5/31/2018 18:30,-5.92E-08,-2.094395165,2.094395036
5/31/2018 18:45,-6.03E-08,-2.094395166,2.094395034
6/1/2018 7:00,-3.21E-08,-2.094395143,2.094395059
6/1/2018 7:15,-3.13E-08,-2.094395143,2.094395061
6/1/2018 7:30,-3.18E-08,-2.094395145,2.094395061
6/1/2018 7:45,-3.08E-08,-2.094395145,2.094395063
6/1/2018 8:00,-2.92E-08,-2.094395145,2.094395065
6/1/2018 8:15,-2.83E-08,-2.094395145,2.094395066
6/1/2018 8:30,-2.70E-08,-2.094395145,2.094395068
6/1/2018 8:45,-2.61E-08,-2.094395145,2.09439507
6/1/2018 9:00,-2.50E-08,-2.094395145,2.094395072
6/1/2018 9:15,-2.37E-08,-2.094395146,2.094395073
6/1/2018 9:30,-2.26E-08,-2.094395146,2.094395075
6/1/2018 9:45,-2.19E-08,-2.094395147,2.094395076
6/1/2018 10:00,-2.11E-08,-2.094395147,2.094395077
6/1/2018 10:15,-2.04E-08,-2.094395146,2.094395078
6/1/2018 10:30,-1.97E-08,-2.094395147,2.094395079
6/1/2018 10:45,-1.97E-08,-2.094395147,2.094395079
6/1/2018 11:00,-1.87E-08,-2.094395147,2.09439508
6/1/2018 11:15,-1.88E-08,-2.094395147,2.094395079
6/1/2018 11:30,-2.01E-08,-2.094395148,2.094395079
6/1/2018 11:45,-1.97E-08,-2.094395147,2.094395079
6/1/2018 12:00,-2.01E-08,-2.094395147,2.094395078
6/1/2018 12:15,-1.85E-08,-2.094395146,2.094395079
6/1/2018 12:30,-1.82E-08,-2.094395146,2.09439508
6/1/2018 12:45,-1.73E-08,-2.094395145,2.094395081
6/1/2018 13:00,-1.65E-08,-2.094395145,2.09439508
6/1/2018 13:15,-1.85E-08,-2.094395147,2.094395079
6/1/2018 13:30,-1.84E-08,-2.094395147,2.094395079
6/1/2018 13:45,-1.81E-08,-2.094395148,2.094395078
6/1/2018 14:00,-1.97E-08,-2.094395147,2.094395078
6/1/2018 14:15,-1.90E-08,-2.094395147,2.094395078
6/1/2018 14:30,-1.79E-08,-2.094395147,2.094395078
6/1/2018 14:45,-1.97E-08,-2.094395147,2.094395078
6/1/2018 15:00,-2.01E-08,-2.094395147,2.094395076
6/1/2018 15:15,-1.97E-08,-2.094395147,2.094395074
6/1/2018 15:30,-2.32E-08,-2.094395148,2.094395072
6/1/2018 15:45,-2.43E-08,-2.094395147,2.09439507
6/1/2018 16:00,-2.46E-08,-2.094395148,2.094395068
6/1/2018 16:15,-2.97E-08,-2.094395148,2.094395067
6/1/2018 16:30,-3.10E-08,-2.094395149,2.094395065
6/1/2018 16:45,-3.01E-08,-2.094395149,2.094395063
6/1/2018 17:00,-3.36E-08,-2.094395149,2.094395061
6/1/2018 17:15,-3.39E-08,-2.094395148,2.094395059
6/1/2018 17:30,-3.29E-08,-2.094395148,2.094395058
6/1/2018 17:45,-3.47E-08,-2.094395149,2.094395056
6/1/2018 18:00,-3.50E-08,-2.094395148,2.094395055
6/1/2018 18:15,-3.44E-08,-2.094395146,2.094395054
6/1/2018 18:30,-3.70E-08,-2.094395147,2.094395052
6/1/2018 18:45,-3.93E-08,-2.094395149,2.094395049
6/2/2018 7:00,-2.29E-08,-2.094395131,2.094395073
6/2/2018 7:15,-2.22E-08,-2.094395131,2.094395075
6/2/2018 7:30,-2.16E-08,-2.09439513,2.094395077
6/2/2018 7:45,-2.15E-08,-2.094395131,2.094395079
6/2/2018 8:00,-2.18E-08,-2.094395131,2.094395081
6/2/2018 8:15,-2.13E-08,-2.094395131,2.094395082
6/2/2018 8:30,-1.85E-08,-2.094395131,2.094395084
6/2/2018 8:45,-1.69E-08,-2.094395132,2.094395086
6/2/2018 9:00,-1.51E-08,-2.094395131,2.094395087
6/2/2018 9:15,-1.34E-08,-2.094395132,2.094395089
6/2/2018 9:30,-1.24E-08,-2.094395132,2.09439509
6/2/2018 9:45,-1.17E-08,-2.094395132,2.094395091
6/2/2018 10:00,-1.09E-08,-2.094395132,2.094395093
6/2/2018 10:15,-1.01E-08,-2.094395132,2.094395094
6/2/2018 10:30,-9.43E-09,-2.094395133,2.094395095
6/2/2018 10:45,-9.05E-09,-2.094395133,2.094395095
6/2/2018 11:00,-9.79E-09,-2.094395133,2.094395094
6/2/2018 11:15,-1.00E-08,-2.094395133,2.094395094
6/2/2018 11:30,-1.08E-08,-2.094395134,2.094395093
6/2/2018 11:45,-1.01E-08,-2.094395134,2.094395093
6/2/2018 12:00,-1.03E-08,-2.094395134,2.094395093
6/2/2018 12:15,-1.01E-08,-2.094395133,2.094395093
6/2/2018 12:30,-1.01E-08,-2.094395134,2.094395093
6/2/2018 12:45,-9.67E-09,-2.094395133,2.094395093
6/2/2018 13:00,-9.17E-09,-2.094395134,2.094395092
6/2/2018 13:15,-1.01E-08,-2.094395135,2.094395092
6/2/2018 13:30,-9.34E-09,-2.094395134,2.094395093
6/2/2018 13:45,-9.44E-09,-2.094395135,2.094395092
6/2/2018 14:00,-1.09E-08,-2.094395134,2.094395092
6/2/2018 14:15,-9.80E-09,-2.094395134,2.094395092
6/2/2018 14:30,-9.71E-09,-2.094395135,2.094395092
6/2/2018 14:45,-1.18E-08,-2.094395136,2.094395091
6/2/2018 15:00,-1.25E-08,-2.094395134,2.09439509
6/2/2018 15:15,-1.26E-08,-2.094395135,2.094395088
6/2/2018 15:30,-1.46E-08,-2.094395135,2.094395086
6/2/2018 15:45,-1.53E-08,-2.094395136,2.094395085
6/2/2018 16:00,-1.55E-08,-2.094395135,2.094395082
6/2/2018 16:15,-1.82E-08,-2.094395136,2.094395081
6/2/2018 16:30,-1.92E-08,-2.094395136,2.09439508
6/2/2018 16:45,-1.88E-08,-2.094395136,2.094395078
6/2/2018 17:00,-2.14E-08,-2.094395135,2.094395077
6/2/2018 17:15,-2.37E-08,-2.094395134,2.094395075
6/2/2018 17:30,-2.36E-08,-2.094395134,2.094395073
6/2/2018 17:45,-2.60E-08,-2.094395136,2.094395071
6/2/2018 18:00,-2.81E-08,-2.094395137,2.094395068
6/2/2018 18:15,-2.76E-08,-2.094395137,2.094395066
6/2/2018 18:30,-2.93E-08,-2.094395136,2.094395064
6/2/2018 18:45,-2.98E-08,-2.094395136,2.094395063
6/3/2018 7:00,-6.21E-08,-2.094395171,2.094395034
6/3/2018 7:15,-6.11E-08,-2.094395171,2.094395035
6/3/2018 7:30,-6.21E-08,-2.094395171,2.094395036
6/3/2018 7:45,-6.22E-08,-2.094395173,2.094395037
6/3/2018 8:00,-6.10E-08,-2.094395173,2.094395039
6/3/2018 8:15,-6.01E-08,-2.094395173,2.094395041
6/3/2018 8:30,-5.89E-08,-2.094395174,2.094395042
6/3/2018 8:45,-5.77E-08,-2.094395174,2.094395044
6/3/2018 9:00,-5.57E-08,-2.094395175,2.094395046
6/3/2018 9:15,-5.42E-08,-2.094395175,2.094395047
6/3/2018 9:30,-5.33E-08,-2.094395174,2.094395049
6/3/2018 9:45,-5.27E-08,-2.094395174,2.09439505
6/3/2018 10:00,-5.18E-08,-2.094395174,2.094395051
6/3/2018 10:15,-5.11E-08,-2.094395175,2.094395052
6/3/2018 10:30,-5.02E-08,-2.094395176,2.094395053
6/3/2018 10:45,-5.01E-08,-2.094395175,2.094395053
6/3/2018 11:00,-4.95E-08,-2.094395174,2.094395054
6/3/2018 11:15,-4.94E-08,-2.094395174,2.094395053
6/3/2018 11:30,-5.00E-08,-2.094395175,2.094395053
6/3/2018 11:45,-4.92E-08,-2.094395176,2.094395053
6/3/2018 12:00,-4.94E-08,-2.094395176,2.094395052
6/3/2018 12:15,-4.85E-08,-2.094395174,2.094395053
6/3/2018 12:30,-4.77E-08,-2.094395173,2.094395054
6/3/2018 12:45,-4.77E-08,-2.094395173,2.094395054
6/3/2018 13:00,-4.78E-08,-2.094395174,2.094395054
6/3/2018 13:15,-4.93E-08,-2.094395175,2.094395053
6/3/2018 13:30,-4.98E-08,-2.094395176,2.094395052
6/3/2018 13:45,-5.04E-08,-2.094395176,2.094395051
6/3/2018 14:00,-5.03E-08,-2.094395176,2.094395051
6/3/2018 14:15,-5.03E-08,-2.094395175,2.094395051
6/3/2018 14:30,-5.09E-08,-2.094395176,2.09439505
6/3/2018 14:45,-5.07E-08,-2.094395176,2.09439505
6/3/2018 15:00,-5.11E-08,-2.094395177,2.094395049
6/3/2018 15:15,-5.20E-08,-2.094395177,2.094395048
6/3/2018 15:30,-5.05E-08,-2.094395174,2.094395048
6/3/2018 15:45,-5.20E-08,-2.094395173,2.094395047
6/3/2018 16:00,-5.28E-08,-2.094395172,2.094395045
6/3/2018 16:15,-5.27E-08,-2.094395171,2.094395045
6/3/2018 16:30,-5.44E-08,-2.094395171,2.094395044
6/3/2018 16:45,-5.49E-08,-2.09439517,2.094395043
6/3/2018 17:00,-5.56E-08,-2.094395169,2.094395042
6/3/2018 17:15,-5.57E-08,-2.094395169,2.09439504
6/3/2018 17:30,-5.60E-08,-2.094395169,2.094395039
6/3/2018 17:45,-5.57E-08,-2.094395167,2.094395039
6/3/2018 18:00,-5.56E-08,-2.094395166,2.094395038
6/3/2018 18:15,-5.56E-08,-2.094395165,2.094395037
6/3/2018 18:30,-5.62E-08,-2.094395164,2.094395036
6/3/2018 18:45,-5.52E-08,-2.094395163,2.094395037
6/4/2018 7:00,-5.74E-08,-2.094395167,2.094395038
6/4/2018 7:15,-5.70E-08,-2.094395168,2.094395038
6/4/2018 7:30,-5.66E-08,-2.094395169,2.09439504
6/4/2018 7:45,-5.61E-08,-2.09439517,2.094395041
6/4/2018 8:00,-5.43E-08,-2.09439517,2.094395043
6/4/2018 8:15,-5.35E-08,-2.09439517,2.094395045
6/4/2018 8:30,-5.21E-08,-2.09439517,2.094395046
6/4/2018 8:45,-5.10E-08,-2.09439517,2.094395048
6/4/2018 9:00,-4.99E-08,-2.09439517,2.09439505
6/4/2018 9:15,-4.91E-08,-2.09439517,2.094395051
6/4/2018 9:30,-4.79E-08,-2.09439517,2.094395054
6/4/2018 9:45,-4.71E-08,-2.09439517,2.094395055
6/4/2018 10:00,-4.63E-08,-2.09439517,2.094395057
6/4/2018 10:15,-4.58E-08,-2.09439517,2.094395058
6/4/2018 10:30,-4.48E-08,-2.09439517,2.094395059
6/4/2018 10:45,-4.48E-08,-2.09439517,2.094395059
6/4/2018 11:00,-4.44E-08,-2.09439517,2.094395059
6/4/2018 11:15,-4.42E-08,-2.09439517,2.094395059
6/4/2018 11:30,-4.55E-08,-2.09439517,2.094395059
6/4/2018 11:45,-4.46E-08,-2.09439517,2.094395058
6/4/2018 12:00,-4.50E-08,-2.094395171,2.094395058
6/4/2018 12:15,-4.46E-08,-2.09439517,2.094395059
6/4/2018 12:30,-4.43E-08,-2.09439517,2.094395059
6/4/2018 12:45,-4.39E-08,-2.09439517,2.094395059
6/4/2018 13:00,-4.43E-08,-2.09439517,2.094395059
6/4/2018 13:15,-4.57E-08,-2.094395172,2.094395058
6/4/2018 13:30,-4.61E-08,-2.094395172,2.094395057
6/4/2018 13:45,-4.67E-08,-2.094395173,2.094395056
6/4/2018 14:00,-4.69E-08,-2.094395174,2.094395056
6/4/2018 14:15,-4.69E-08,-2.094395174,2.094395056
6/4/2018 14:30,-4.72E-08,-2.094395173,2.094395056
6/4/2018 14:45,-4.75E-08,-2.094395173,2.094395055
6/4/2018 15:00,-4.81E-08,-2.094395173,2.094395054
6/4/2018 15:15,-4.87E-08,-2.094395173,2.094395053
6/4/2018 15:30,-4.77E-08,-2.094395171,2.094395053
6/4/2018 15:45,-4.91E-08,-2.094395172,2.094395051
6/4/2018 16:00,-4.94E-08,-2.09439517,2.09439505
6/4/2018 16:15,-4.98E-08,-2.094395169,2.094395049
6/4/2018 16:30,-5.09E-08,-2.094395168,2.094395048
6/4/2018 16:45,-5.16E-08,-2.094395167,2.094395047
6/4/2018 17:00,-5.23E-08,-2.094395167,2.094395045
6/4/2018 17:15,-5.28E-08,-2.094395166,2.094395044
6/4/2018 17:30,-5.28E-08,-2.094395165,2.094395043
6/4/2018 17:45,-5.29E-08,-2.094395164,2.094395042
6/4/2018 18:00,-5.38E-08,-2.094395164,2.094395041
6/4/2018 18:15,-5.45E-08,-2.094395163,2.09439504
6/4/2018 18:30,-5.52E-08,-2.094395163,2.094395039
6/4/2018 18:45,-5.32E-08,-2.094395161,2.09439504
6/5/2018 7:00,-5.84E-08,-2.094395167,2.094395037
6/5/2018 7:15,-5.82E-08,-2.094395168,2.094395038
6/5/2018 7:30,-5.78E-08,-2.09439517,2.094395038
6/5/2018 7:45,-5.66E-08,-2.094395171,2.09439504
6/5/2018 8:00,-5.42E-08,-2.09439517,2.094395043
6/5/2018 8:15,-5.37E-08,-2.094395171,2.094395044
6/5/2018 8:30,-5.19E-08,-2.09439517,2.094395046
6/5/2018 8:45,-5.15E-08,-2.094395171,2.094395047
6/5/2018 9:00,-5.02E-08,-2.094395171,2.094395049
6/5/2018 9:15,-4.88E-08,-2.09439517,2.094395051
6/5/2018 9:30,-4.79E-08,-2.09439517,2.094395053
6/5/2018 9:45,-4.66E-08,-2.09439517,2.094395055
6/5/2018 10:00,-4.63E-08,-2.094395171,2.094395056
6/5/2018 10:15,-4.53E-08,-2.094395171,2.094395057
6/5/2018 10:30,-4.51E-08,-2.09439517,2.094395059
6/5/2018 10:45,-4.49E-08,-2.094395169,2.094395059
6/5/2018 11:00,-4.40E-08,-2.094395169,2.09439506
6/5/2018 11:15,-4.35E-08,-2.094395169,2.09439506
6/5/2018 11:30,-4.50E-08,-2.094395169,2.09439506
6/5/2018 11:45,-4.36E-08,-2.094395169,2.09439506
6/5/2018 12:00,-4.41E-08,-2.094395169,2.09439506
6/5/2018 12:15,-4.28E-08,-2.094395168,2.094395061
6/5/2018 12:30,-4.22E-08,-2.094395168,2.094395061
6/5/2018 12:45,-4.18E-08,-2.094395168,2.094395062
6/5/2018 13:00,-4.34E-08,-2.094395168,2.094395061
6/5/2018 13:15,-4.33E-08,-2.09439517,2.094395061
6/5/2018 13:30,-4.32E-08,-2.09439517,2.094395061
6/5/2018 13:45,-4.36E-08,-2.094395171,2.09439506
6/5/2018 14:00,-4.35E-08,-2.094395171,2.09439506
6/5/2018 14:15,-4.38E-08,-2.094395171,2.094395059
6/5/2018 14:30,-4.37E-08,-2.094395171,2.094395059
6/5/2018 14:45,-4.40E-08,-2.09439517,2.094395059
6/5/2018 15:00,-4.52E-08,-2.09439517,2.094395058
6/5/2018 15:15,-4.62E-08,-2.09439517,2.094395056
6/5/2018 15:30,-4.50E-08,-2.094395168,2.094395057
6/5/2018 15:45,-4.59E-08,-2.094395168,2.094395055
6/5/2018 16:00,-4.66E-08,-2.094395167,2.094395054
6/5/2018 16:15,-4.71E-08,-2.094395166,2.094395052
6/5/2018 16:30,-4.80E-08,-2.094395165,2.094395051
6/5/2018 16:45,-5.02E-08,-2.094395166,2.094395049
6/5/2018 17:00,-5.21E-08,-2.094395165,2.094395048
6/5/2018 17:15,-5.22E-08,-2.094395164,2.094395047
6/5/2018 17:30,-5.26E-08,-2.094395164,2.094395045
6/5/2018 17:45,-5.35E-08,-2.094395164,2.094395044
6/5/2018 18:00,-5.39E-08,-2.094395163,2.094395043
6/5/2018 18:15,-5.36E-08,-2.094395162,2.094395043
6/5/2018 18:30,-5.36E-08,-2.094395162,2.094395042
6/5/2018 18:45,-5.26E-08,-2.09439516,2.094395042
6/6/2018 7:00,-5.92E-08,-2.094395168,2.094395036
6/6/2018 7:15,-5.86E-08,-2.094395169,2.094395037
6/6/2018 7:30,-5.77E-08,-2.09439517,2.094395038
6/6/2018 7:45,-5.71E-08,-2.094395171,2.09439504
6/6/2018 8:00,-5.59E-08,-2.094395171,2.094395042
6/6/2018 8:15,-5.41E-08,-2.09439517,2.094395044
6/6/2018 8:30,-5.21E-08,-2.094395169,2.094395046
6/6/2018 8:45,-5.16E-08,-2.094395169,2.094395048
6/6/2018 9:00,-5.02E-08,-2.09439517,2.09439505
6/6/2018 9:15,-4.94E-08,-2.094395171,2.094395052
6/6/2018 9:30,-4.83E-08,-2.09439517,2.094395054
6/6/2018 9:45,-4.76E-08,-2.094395171,2.094395055
6/6/2018 10:00,-4.67E-08,-2.094395171,2.094395057
6/6/2018 10:15,-4.61E-08,-2.094395171,2.094395058
6/6/2018 10:30,-4.50E-08,-2.09439517,2.094395059
6/6/2018 10:45,-4.46E-08,-2.09439517,2.09439506
6/6/2018 11:00,-4.37E-08,-2.094395169,2.09439506
6/6/2018 11:15,-4.36E-08,-2.094395169,2.09439506
6/6/2018 11:30,-4.45E-08,-2.094395169,2.094395059
6/6/2018 11:45,-4.37E-08,-2.094395169,2.094395059
6/6/2018 12:00,-4.43E-08,-2.09439517,2.094395059
6/6/2018 12:15,-4.36E-08,-2.094395169,2.09439506
6/6/2018 12:30,-4.29E-08,-2.094395168,2.09439506
6/6/2018 12:45,-4.28E-08,-2.094395168,2.094395061
6/6/2018 13:00,-4.32E-08,-2.094395169,2.09439506
6/6/2018 13:15,-4.45E-08,-2.09439517,2.094395059
6/6/2018 13:30,-4.50E-08,-2.094395171,2.094395059
6/6/2018 13:45,-4.64E-08,-2.094395171,2.094395058
6/6/2018 14:00,-4.87E-08,-2.094395171,2.094395058
6/6/2018 14:15,-4.80E-08,-2.094395172,2.094395057
6/6/2018 14:30,-4.60E-08,-2.094395172,2.094395057
6/6/2018 14:45,-4.61E-08,-2.094395172,2.094395057
6/6/2018 15:00,-4.79E-08,-2.094395172,2.094395056
6/6/2018 15:15,-4.89E-08,-2.094395172,2.094395055
6/6/2018 15:30,-4.81E-08,-2.09439517,2.094395055
6/6/2018 15:45,-4.77E-08,-2.094395169,2.094395053
6/6/2018 16:00,-4.94E-08,-2.094395169,2.094395051
6/6/2018 16:15,-5.11E-08,-2.094395169,2.094395049
6/6/2018 16:30,-5.20E-08,-2.094395169,2.094395048
6/6/2018 16:45,-5.19E-08,-2.094395168,2.094395047
6/6/2018 17:00,-5.27E-08,-2.094395167,2.094395046
6/6/2018 17:15,-5.33E-08,-2.094395166,2.094395044
6/6/2018 17:30,-5.33E-08,-2.094395165,2.094395043
6/6/2018 17:45,-5.36E-08,-2.094395165,2.094395043
6/6/2018 18:00,-5.35E-08,-2.094395164,2.094395042
6/6/2018 18:15,-5.37E-08,-2.094395163,2.094395041
6/6/2018 18:30,-5.45E-08,-2.094395162,2.094395039
6/6/2018 18:45,-5.37E-08,-2.094395161,2.09439504
6/7/2018 7:00,-6.19E-08,-2.094395168,2.094395036
6/7/2018 7:15,-6.38E-08,-2.094395169,2.094395036
6/7/2018 7:30,-6.26E-08,-2.09439517,2.094395038
6/7/2018 7:45,-5.92E-08,-2.094395171,2.094395039
6/7/2018 8:00,-5.68E-08,-2.094395171,2.094395041
6/7/2018 8:15,-5.59E-08,-2.094395172,2.094395043
6/7/2018 8:30,-5.45E-08,-2.094395172,2.094395044
6/7/2018 8:45,-5.49E-08,-2.094395172,2.094395046
6/7/2018 9:00,-5.41E-08,-2.094395172,2.094395047
6/7/2018 9:15,-5.32E-08,-2.094395173,2.094395049
6/7/2018 9:30,-5.23E-08,-2.094395173,2.094395051
6/7/2018 9:45,-5.17E-08,-2.094395173,2.094395052
6/7/2018 10:00,-4.97E-08,-2.094395173,2.094395053
6/7/2018 10:15,-4.90E-08,-2.094395173,2.094395054
6/7/2018 10:30,-4.78E-08,-2.094395173,2.094395056
6/7/2018 10:45,-4.76E-08,-2.094395174,2.094395056
6/7/2018 11:00,-4.75E-08,-2.094395173,2.094395056
6/7/2018 11:15,-4.72E-08,-2.094395173,2.094395056
6/7/2018 11:30,-4.91E-08,-2.094395173,2.094395055
6/7/2018 11:45,-4.87E-08,-2.094395173,2.094395055
6/7/2018 12:00,-4.87E-08,-2.094395174,2.094395055
6/7/2018 12:15,-4.72E-08,-2.094395173,2.094395055
6/7/2018 12:30,-4.63E-08,-2.094395172,2.094395056
6/7/2018 12:45,-4.63E-08,-2.094395172,2.094395057
6/7/2018 13:00,-4.69E-08,-2.094395172,2.094395056
6/7/2018 13:15,-4.82E-08,-2.094395174,2.094395055
6/7/2018 13:30,-4.89E-08,-2.094395174,2.094395054
6/7/2018 13:45,-4.96E-08,-2.094395176,2.094395053
6/7/2018 14:00,-4.99E-08,-2.094395176,2.094395053
6/7/2018 14:15,-5.04E-08,-2.094395175,2.094395053
6/7/2018 14:30,-5.03E-08,-2.094395176,2.094395053
6/7/2018 14:45,-5.02E-08,-2.094395176,2.094395052
6/7/2018 15:00,-5.11E-08,-2.094395175,2.094395051
6/7/2018 15:15,-5.16E-08,-2.094395175,2.09439505
6/7/2018 15:30,-5.08E-08,-2.094395173,2.09439505
6/7/2018 15:45,-5.17E-08,-2.094395172,2.094395049
6/7/2018 16:00,-5.21E-08,-2.094395172,2.094395047
6/7/2018 16:15,-5.27E-08,-2.094395171,2.094395046
6/7/2018 16:30,-5.52E-08,-2.094395171,2.094395045
6/7/2018 16:45,-5.61E-08,-2.09439517,2.094395044
6/7/2018 17:00,-5.54E-08,-2.09439517,2.094395042
6/7/2018 17:15,-5.62E-08,-2.094395169,2.094395041
6/7/2018 17:30,-5.82E-08,-2.094395168,2.09439504
6/7/2018 17:45,-5.69E-08,-2.094395166,2.09439504
6/7/2018 18:00,-5.49E-08,-2.094395166,2.094395039
6/7/2018 18:15,-5.58E-08,-2.094395166,2.094395038
6/7/2018 18:30,-5.66E-08,-2.094395165,2.094395036
6/7/2018 18:45,-5.48E-08,-2.094395162,2.094395038
6/8/2018 7:00,-2.87E-08,-2.094395139,2.094395063
6/8/2018 7:15,-2.83E-08,-2.094395139,2.094395064
6/8/2018 7:30,-2.92E-08,-2.09439514,2.094395064
6/8/2018 7:45,-2.88E-08,-2.09439514,2.094395066
6/8/2018 8:00,-2.67E-08,-2.09439514,2.094395068
6/8/2018 8:15,-2.53E-08,-2.09439514,2.09439507
6/8/2018 8:30,-2.36E-08,-2.09439514,2.094395071
6/8/2018 8:45,-2.29E-08,-2.09439514,2.094395072
6/8/2018 9:00,-2.25E-08,-2.09439514,2.094395073
6/8/2018 9:15,-2.22E-08,-2.09439514,2.094395075
6/8/2018 9:30,-2.12E-08,-2.094395142,2.094395075
6/8/2018 9:45,-2.02E-08,-2.094395141,2.094395077
6/8/2018 10:00,-1.94E-08,-2.094395141,2.094395078
6/8/2018 10:15,-1.75E-08,-2.094395141,2.094395081
6/8/2018 10:30,-1.58E-08,-2.09439514,2.094395084
6/8/2018 10:45,-1.47E-08,-2.09439514,2.094395086
6/8/2018 11:00,-1.30E-08,-2.09439514,2.094395087
6/8/2018 11:15,-1.30E-08,-2.09439514,2.094395087
6/8/2018 11:30,-1.40E-08,-2.09439514,2.094395087
6/8/2018 11:45,-1.33E-08,-2.094395141,2.094395087
6/8/2018 12:00,-1.39E-08,-2.094395141,2.094395087
6/8/2018 12:15,-1.35E-08,-2.094395139,2.094395087
6/8/2018 12:30,-1.52E-08,-2.094395139,2.094395083
6/8/2018 12:45,-1.34E-08,-2.094395138,2.094395086
6/8/2018 13:00,-1.01E-08,-2.094395138,2.094395089
6/8/2018 13:15,-1.11E-08,-2.094395138,2.094395089
6/8/2018 13:30,-1.15E-08,-2.09439514,2.094395089
6/8/2018 13:45,-1.20E-08,-2.094395139,2.094395088
6/8/2018 14:00,-1.35E-08,-2.094395139,2.094395088
6/8/2018 14:15,-1.67E-08,-2.094395139,2.094395086
6/8/2018 14:30,-1.69E-08,-2.094395139,2.094395083
6/8/2018 14:45,-1.69E-08,-2.09439514,2.094395081
6/8/2018 15:00,-1.74E-08,-2.094395139,2.09439508
6/8/2018 15:15,-1.65E-08,-2.094395139,2.09439508
6/8/2018 15:30,-1.83E-08,-2.094395139,2.094395079
6/8/2018 15:45,-1.84E-08,-2.09439514,2.094395077
6/8/2018 16:00,-1.87E-08,-2.094395139,2.094395076
6/8/2018 16:15,-1.97E-08,-2.094395139,2.094395075
6/8/2018 16:30,-2.08E-08,-2.094395139,2.094395074
6/8/2018 16:45,-2.12E-08,-2.094395138,2.094395073
6/8/2018 17:00,-2.27E-08,-2.094395139,2.094395071
6/8/2018 17:15,-2.37E-08,-2.094395139,2.094395069
6/8/2018 17:30,-2.43E-08,-2.094395138,2.094395068
6/8/2018 17:45,-2.57E-08,-2.094395139,2.094395066
6/8/2018 18:00,-2.63E-08,-2.094395139,2.094395065
6/8/2018 18:15,-2.69E-08,-2.094395139,2.094395064
6/8/2018 18:30,-2.80E-08,-2.094395139,2.094395062
6/8/2018 18:45,-2.96E-08,-2.094395139,2.094395061
6/9/2018 7:00,-1.92E-08,-2.094395127,2.094395076
6/9/2018 7:15,-1.83E-08,-2.094395128,2.094395077
6/9/2018 7:30,-1.70E-08,-2.094395128,2.094395079
6/9/2018 7:45,-1.63E-08,-2.094395128,2.094395081
6/9/2018 8:00,-1.63E-08,-2.094395128,2.094395082
6/9/2018 8:15,-1.48E-08,-2.094395128,2.094395084
6/9/2018 8:30,-1.39E-08,-2.094395128,2.094395085
6/9/2018 8:45,-1.21E-08,-2.094395128,2.094395088
6/9/2018 9:00,-1.05E-08,-2.094395128,2.09439509
6/9/2018 9:15,-9.22E-09,-2.094395128,2.094395092
6/9/2018 9:30,-9.86E-09,-2.094395128,2.094395095
6/9/2018 9:45,-8.29E-09,-2.094395128,2.094395096
6/9/2018 10:00,-6.82E-09,-2.094395128,2.094395098
6/9/2018 10:15,-6.06E-09,-2.094395128,2.094395099
6/9/2018 10:30,-5.16E-09,-2.094395128,2.0943951
6/9/2018 10:45,-4.85E-09,-2.094395129,2.094395101
6/9/2018 11:00,-4.73E-09,-2.094395128,2.094395101
6/9/2018 11:15,-4.80E-09,-2.094395128,2.0943951
6/9/2018 11:30,-5.55E-09,-2.094395127,2.0943951
6/9/2018 11:45,-4.60E-09,-2.094395128,2.0943951
6/9/2018 12:00,-4.74E-09,-2.094395128,2.0943951
6/9/2018 12:15,-5.39E-09,-2.094395127,2.0943951
6/9/2018 12:30,-6.60E-09,-2.094395128,2.0943951
6/9/2018 12:45,-4.38E-09,-2.094395128,2.0943951
6/9/2018 13:00,-3.83E-09,-2.094395127,2.0943951
6/9/2018 13:15,-4.55E-09,-2.094395128,2.0943951
6/9/2018 13:30,-4.55E-09,-2.094395128,2.0943951
6/9/2018 13:45,-4.02E-09,-2.094395129,2.0943951
6/9/2018 14:00,-4.58E-09,-2.094395129,2.0943951
6/9/2018 14:15,-4.77E-09,-2.094395128,2.094395099
6/9/2018 14:30,-4.34E-09,-2.094395128,2.094395099
6/9/2018 14:45,-5.42E-09,-2.094395128,2.094395099
6/9/2018 15:00,-6.88E-09,-2.094395129,2.094395097
6/9/2018 15:15,-8.45E-09,-2.094395129,2.094395096
6/9/2018 15:30,-8.08E-09,-2.094395129,2.094395094
6/9/2018 15:45,-9.07E-09,-2.09439513,2.094395092
6/9/2018 16:00,-9.64E-09,-2.094395129,2.09439509
6/9/2018 16:15,-1.14E-08,-2.094395129,2.094395088
6/9/2018 16:30,-1.27E-08,-2.09439513,2.094395087
6/9/2018 16:45,-1.34E-08,-2.09439513,2.094395085
6/9/2018 17:00,-1.55E-08,-2.09439513,2.094395083
6/9/2018 17:15,-1.67E-08,-2.094395129,2.094395081
6/9/2018 17:30,-1.77E-08,-2.094395129,2.094395079
6/9/2018 17:45,-1.89E-08,-2.09439513,2.094395077
6/9/2018 18:00,-2.01E-08,-2.09439513,2.094395075
6/9/2018 18:15,-2.18E-08,-2.09439513,2.094395073
6/9/2018 18:30,-2.33E-08,-2.094395131,2.094395071
6/9/2018 18:45,-2.42E-08,-2.094395131,2.09439507
6/10/2018 7:00,-6.12E-08,-2.094395169,2.094395035
6/10/2018 7:15,-6.05E-08,-2.09439517,2.094395036
6/10/2018 7:30,-6.00E-08,-2.094395171,2.094395037
6/10/2018 7:45,-5.97E-08,-2.094395173,2.094395038
6/10/2018 8:00,-5.84E-08,-2.094395172,2.09439504
6/10/2018 8:15,-5.74E-08,-2.094395173,2.094395041
6/10/2018 8:30,-5.60E-08,-2.094395173,2.094395043
6/10/2018 8:45,-5.49E-08,-2.094395173,2.094395045
6/10/2018 9:00,-5.39E-08,-2.094395173,2.094395046
6/10/2018 9:15,-5.30E-08,-2.094395173,2.094395048
6/10/2018 9:30,-5.23E-08,-2.094395174,2.094395049
6/10/2018 9:45,-5.05E-08,-2.094395174,2.094395051
6/10/2018 10:00,-4.99E-08,-2.094395173,2.094395052
6/10/2018 10:15,-4.95E-08,-2.094395173,2.094395053
6/10/2018 10:30,-4.88E-08,-2.094395174,2.094395054
6/10/2018 10:45,-4.83E-08,-2.094395175,2.094395055
6/10/2018 11:00,-4.82E-08,-2.094395174,2.094395055
6/10/2018 11:15,-4.81E-08,-2.094395173,2.094395055
6/10/2018 11:30,-4.91E-08,-2.094395174,2.094395055
6/10/2018 11:45,-4.86E-08,-2.094395174,2.094395054
6/10/2018 12:00,-4.90E-08,-2.094395174,2.094395054
6/10/2018 12:15,-4.79E-08,-2.094395173,2.094395055
6/10/2018 12:30,-4.70E-08,-2.094395172,2.094395056
6/10/2018 12:45,-4.71E-08,-2.094395172,2.094395056
6/10/2018 13:00,-4.80E-08,-2.094395172,2.094395056
6/10/2018 13:15,-5.02E-08,-2.094395174,2.094395054
6/10/2018 13:30,-5.26E-08,-2.094395175,2.094395053
6/10/2018 13:45,-5.26E-08,-2.094395176,2.094395053
6/10/2018 14:00,-5.07E-08,-2.094395175,2.094395052
6/10/2018 14:15,-5.07E-08,-2.094395175,2.094395052
6/10/2018 14:30,-5.07E-08,-2.094395176,2.094395052
6/10/2018 14:45,-5.08E-08,-2.094395176,2.094395051
6/10/2018 15:00,-5.15E-08,-2.094395176,2.09439505
6/10/2018 15:15,-5.27E-08,-2.094395176,2.094395048
6/10/2018 15:30,-5.21E-08,-2.094395173,2.094395048
6/10/2018 15:45,-5.27E-08,-2.094395173,2.094395047
6/10/2018 16:00,-5.33E-08,-2.094395172,2.094395046
6/10/2018 16:15,-5.42E-08,-2.094395172,2.094395044
6/10/2018 16:30,-5.59E-08,-2.094395171,2.094395044
6/10/2018 16:45,-5.66E-08,-2.09439517,2.094395043
6/10/2018 17:00,-5.80E-08,-2.09439517,2.09439504
6/10/2018 17:15,-5.78E-08,-2.09439517,2.094395039
6/10/2018 17:30,-5.80E-08,-2.09439517,2.094395038
6/10/2018 17:45,-5.75E-08,-2.094395168,2.094395038
6/10/2018 18:00,-5.78E-08,-2.094395166,2.094395037
6/10/2018 18:15,-5.80E-08,-2.094395166,2.094395036
6/10/2018 18:30,-5.87E-08,-2.094395165,2.094395035
6/10/2018 18:45,-5.73E-08,-2.094395164,2.094395036
6/11/2018 7:00,-6.48E-08,-2.094395173,2.094395031
6/11/2018 7:15,-6.52E-08,-2.094395174,2.094395031
6/11/2018 7:30,-6.45E-08,-2.094395175,2.094395032
6/11/2018 7:45,-6.40E-08,-2.094395176,2.094395033
6/11/2018 8:00,-6.39E-08,-2.094395177,2.094395033
6/11/2018 8:15,-6.34E-08,-2.094395177,2.094395034
6/11/2018 8:30,-6.28E-08,-2.094395177,2.094395035
6/11/2018 8:45,-6.21E-08,-2.094395178,2.094395036
6/11/2018 9:00,-6.16E-08,-2.094395178,2.094395037
6/11/2018 9:15,-5.94E-08,-2.094395177,2.09439504
6/11/2018 9:30,-5.78E-08,-2.094395178,2.094395043
6/11/2018 9:45,-5.71E-08,-2.094395178,2.094395044
6/11/2018 10:00,-5.67E-08,-2.094395178,2.094395046
6/11/2018 10:15,-5.55E-08,-2.094395179,2.094395047
6/11/2018 10:30,-5.40E-08,-2.094395179,2.094395048
6/11/2018 10:45,-5.41E-08,-2.094395179,2.094395048
6/11/2018 11:00,-5.35E-08,-2.094395179,2.094395048
6/11/2018 11:15,-5.37E-08,-2.094395179,2.094395048
6/11/2018 11:30,-5.46E-08,-2.094395179,2.094395047
6/11/2018 11:45,-5.37E-08,-2.094395179,2.094395047
6/11/2018 12:00,-5.42E-08,-2.094395179,2.094395046
6/11/2018 12:15,-5.30E-08,-2.094395178,2.094395047
6/11/2018 12:30,-5.18E-08,-2.094395177,2.094395048
6/11/2018 12:45,-5.19E-08,-2.094395177,2.094395049
6/11/2018 13:00,-5.23E-08,-2.094395178,2.094395048
6/11/2018 13:15,-5.36E-08,-2.09439518,2.094395047
6/11/2018 13:30,-5.41E-08,-2.094395179,2.094395046
6/11/2018 13:45,-5.45E-08,-2.09439518,2.094395046
6/11/2018 14:00,-5.49E-08,-2.09439518,2.094395046
6/11/2018 14:15,-5.49E-08,-2.09439518,2.094395045
6/11/2018 14:30,-5.48E-08,-2.09439518,2.094395046
6/11/2018 14:45,-5.48E-08,-2.09439518,2.094395046
6/11/2018 15:00,-5.56E-08,-2.09439518,2.094395044
6/11/2018 15:15,-5.66E-08,-2.094395181,2.094395043
6/11/2018 15:30,-5.57E-08,-2.094395177,2.094395044
6/11/2018 15:45,-5.69E-08,-2.094395177,2.094395042
6/11/2018 16:00,-5.75E-08,-2.094395177,2.094395041
6/11/2018 16:15,-5.83E-08,-2.094395176,2.09439504
6/11/2018 16:30,-5.90E-08,-2.094395175,2.094395039
6/11/2018 16:45,-5.94E-08,-2.094395174,2.094395038
6/11/2018 17:00,-5.98E-08,-2.094395174,2.094395037
6/11/2018 17:15,-6.01E-08,-2.094395173,2.094395035
6/11/2018 17:30,-6.00E-08,-2.094395173,2.094395035
6/11/2018 17:45,-5.97E-08,-2.09439517,2.094395034
6/11/2018 18:00,-6.07E-08,-2.094395169,2.094395033
6/11/2018 18:15,-6.12E-08,-2.094395169,2.094395032
6/11/2018 18:30,-6.21E-08,-2.094395169,2.094395031
6/11/2018 18:45,-6.08E-08,-2.094395167,2.094395032
6/12/2018 7:00,-6.41E-08,-2.094395174,2.094395032
6/12/2018 7:15,-6.45E-08,-2.094395174,2.094395033
6/12/2018 7:30,-6.40E-08,-2.094395176,2.094395034
6/12/2018 7:45,-6.34E-08,-2.094395177,2.094395035
6/12/2018 8:00,-6.21E-08,-2.094395177,2.094395036
6/12/2018 8:15,-6.06E-08,-2.094395178,2.094395038
6/12/2018 8:30,-5.91E-08,-2.094395177,2.09439504
6/12/2018 8:45,-5.83E-08,-2.094395177,2.094395041
6/12/2018 9:00,-5.73E-08,-2.094395178,2.094395043
6/12/2018 9:15,-5.67E-08,-2.094395177,2.094395044
6/12/2018 9:30,-5.59E-08,-2.094395177,2.094395046
6/12/2018 9:45,-5.52E-08,-2.094395178,2.094395047
6/12/2018 10:00,-5.47E-08,-2.094395178,2.094395048
6/12/2018 10:15,-5.45E-08,-2.094395178,2.094395049
6/12/2018 10:30,-5.37E-08,-2.094395178,2.09439505
6/12/2018 10:45,-5.37E-08,-2.094395179,2.09439505
6/12/2018 11:00,-5.46E-08,-2.094395179,2.094395049
6/12/2018 11:15,-5.46E-08,-2.094395179,2.094395049
6/12/2018 11:30,-5.72E-08,-2.09439518,2.094395049
6/12/2018 11:45,-5.56E-08,-2.09439518,2.094395048
6/12/2018 12:00,-5.50E-08,-2.094395181,2.094395048
6/12/2018 12:15,-5.33E-08,-2.094395179,2.094395049
6/12/2018 12:30,-5.30E-08,-2.094395179,2.094395049
6/12/2018 12:45,-5.39E-08,-2.09439518,2.094395048
6/12/2018 13:00,-5.43E-08,-2.094395181,2.094395048
6/12/2018 13:15,-5.57E-08,-2.094395182,2.094395046
6/12/2018 13:30,-5.64E-08,-2.094395182,2.094395046
6/12/2018 13:45,-5.75E-08,-2.094395183,2.094395044
6/12/2018 14:00,-5.70E-08,-2.094395183,2.094395044
6/12/2018 14:15,-5.63E-08,-2.094395181,2.094395046
6/12/2018 14:30,-5.58E-08,-2.094395181,2.094395046
6/12/2018 14:45,-5.58E-08,-2.094395182,2.094395046
6/12/2018 15:00,-5.62E-08,-2.094395181,2.094395045
6/12/2018 15:15,-5.68E-08,-2.094395181,2.094395044
6/12/2018 15:30,-5.59E-08,-2.094395178,2.094395044
6/12/2018 15:45,-5.67E-08,-2.094395178,2.094395042
6/12/2018 16:00,-5.71E-08,-2.094395177,2.094395041
6/12/2018 16:15,-5.79E-08,-2.094395176,2.09439504
6/12/2018 16:30,-5.87E-08,-2.094395177,2.094395039
6/12/2018 16:45,-5.91E-08,-2.094395176,2.094395038
6/12/2018 17:00,-5.98E-08,-2.094395174,2.094395036
6/12/2018 17:15,-6.09E-08,-2.094395174,2.094395035
6/12/2018 17:30,-6.08E-08,-2.094395173,2.094395034
6/12/2018 17:45,-6.00E-08,-2.094395172,2.094395034
6/12/2018 18:00,-6.05E-08,-2.094395171,2.094395033
6/12/2018 18:15,-6.09E-08,-2.094395169,2.094395032
6/12/2018 18:30,-6.21E-08,-2.094395169,2.094395031
6/12/2018 18:45,-6.07E-08,-2.094395167,2.094395032
6/13/2018 7:00,-6.35E-08,-2.094395171,2.09439503
6/13/2018 7:15,-6.37E-08,-2.094395172,2.09439503
6/13/2018 7:30,-6.36E-08,-2.094395172,2.094395031
6/13/2018 7:45,-6.37E-08,-2.094395173,2.094395031
6/13/2018 8:00,-6.32E-08,-2.094395173,2.094395032
6/13/2018 8:15,-6.28E-08,-2.094395174,2.094395033
6/13/2018 8:30,-6.38E-08,-2.094395174,2.094395034
6/13/2018 8:45,-6.20E-08,-2.094395174,2.094395035
6/13/2018 9:00,-6.16E-08,-2.094395174,2.094395036
6/13/2018 9:15,-6.07E-08,-2.094395174,2.094395037
6/13/2018 9:30,-6.01E-08,-2.094395174,2.094395038
6/13/2018 9:45,-5.90E-08,-2.094395174,2.094395041
6/13/2018 10:00,-5.74E-08,-2.094395175,2.094395044
6/13/2018 10:15,-5.62E-08,-2.094395174,2.094395045
6/13/2018 10:30,-5.47E-08,-2.094395175,2.094395047
6/13/2018 10:45,-5.39E-08,-2.094395175,2.094395049
6/13/2018 11:00,-5.26E-08,-2.094395174,2.094395051
6/13/2018 11:15,-5.17E-08,-2.094395174,2.094395052
6/13/2018 11:30,-5.17E-08,-2.094395175,2.094395053
6/13/2018 11:45,-4.90E-08,-2.094395175,2.094395055
6/13/2018 12:00,-4.93E-08,-2.094395176,2.094395055
6/13/2018 12:15,-4.87E-08,-2.094395175,2.094395055
6/13/2018 12:30,-4.81E-08,-2.094395174,2.094395056
6/13/2018 12:45,-4.79E-08,-2.094395174,2.094395056
6/13/2018 13:00,-4.82E-08,-2.094395174,2.094395056
6/13/2018 13:15,-4.95E-08,-2.094395176,2.094395055
6/13/2018 13:30,-5.01E-08,-2.094395176,2.094395054
6/13/2018 13:45,-5.09E-08,-2.094395177,2.094395053
6/13/2018 14:00,-5.11E-08,-2.094395177,2.094395053
6/13/2018 14:15,-5.14E-08,-2.094395177,2.094395052
6/13/2018 14:30,-5.15E-08,-2.094395178,2.094395052
6/13/2018 14:45,-5.13E-08,-2.094395178,2.094395052
6/13/2018 15:00,-5.19E-08,-2.094395177,2.094395051
6/13/2018 15:15,-5.27E-08,-2.094395177,2.09439505
6/13/2018 15:30,-5.19E-08,-2.094395175,2.09439505
6/13/2018 15:45,-5.32E-08,-2.094395175,2.094395049
6/13/2018 16:00,-5.40E-08,-2.094395175,2.094395047
6/13/2018 16:15,-5.48E-08,-2.094395174,2.094395046
6/13/2018 16:30,-5.58E-08,-2.094395173,2.094395045
6/13/2018 16:45,-5.66E-08,-2.094395172,2.094395044
6/13/2018 17:00,-5.80E-08,-2.094395171,2.094395042
6/13/2018 17:15,-5.94E-08,-2.094395171,2.09439504
6/13/2018 17:30,-5.86E-08,-2.09439517,2.094395039
6/13/2018 17:45,-5.79E-08,-2.094395169,2.094395039
6/13/2018 18:00,-5.85E-08,-2.094395169,2.094395038
6/13/2018 18:15,-5.90E-08,-2.094395167,2.094395037
6/13/2018 18:30,-5.97E-08,-2.094395167,2.094395036
6/13/2018 18:45,-5.87E-08,-2.094395165,2.094395036
6/14/2018 7:00,-6.43E-08,-2.094395171,2.094395033
6/14/2018 7:15,-6.38E-08,-2.094395171,2.094395033
6/14/2018 7:30,-6.40E-08,-2.094395172,2.094395033
6/14/2018 7:45,-6.40E-08,-2.094395173,2.094395033
6/14/2018 8:00,-6.32E-08,-2.094395173,2.094395033
6/14/2018 8:15,-6.31E-08,-2.094395173,2.094395034
6/14/2018 8:30,-6.29E-08,-2.094395173,2.094395034
6/14/2018 8:45,-6.26E-08,-2.094395174,2.094395034
6/14/2018 9:00,-6.27E-08,-2.094395174,2.094395034
6/14/2018 9:15,-6.31E-08,-2.094395174,2.094395033
6/14/2018 9:30,-6.31E-08,-2.094395175,2.094395033
6/14/2018 9:45,-6.31E-08,-2.094395174,2.094395034
6/14/2018 10:00,-6.19E-08,-2.094395174,2.094395035
6/14/2018 10:15,-6.16E-08,-2.094395174,2.094395036
6/14/2018 10:30,-6.16E-08,-2.094395174,2.094395036
6/14/2018 10:45,-6.15E-08,-2.094395174,2.094395036
6/14/2018 11:00,-6.11E-08,-2.094395174,2.094395036
6/14/2018 11:15,-6.08E-08,-2.094395174,2.094395036
6/14/2018 11:30,-6.18E-08,-2.094395174,2.094395036
6/14/2018 11:45,-5.93E-08,-2.094395174,2.094395038
6/14/2018 12:00,-5.81E-08,-2.094395174,2.094395041
6/14/2018 12:15,-5.74E-08,-2.094395173,2.094395041
6/14/2018 12:30,-5.74E-08,-2.094395172,2.094395041
6/14/2018 12:45,-5.78E-08,-2.094395172,2.094395041
6/14/2018 13:00,-5.84E-08,-2.094395173,2.09439504
6/14/2018 13:15,-5.96E-08,-2.094395174,2.094395038
6/14/2018 13:30,-6.04E-08,-2.094395174,2.094395037
6/14/2018 13:45,-6.02E-08,-2.094395174,2.094395038
6/14/2018 14:00,-5.92E-08,-2.094395174,2.094395039
6/14/2018 14:15,-5.72E-08,-2.094395175,2.094395042
6/14/2018 14:30,-5.55E-08,-2.094395175,2.094395044
6/14/2018 14:45,-5.24E-08,-2.094395174,2.094395049
6/14/2018 15:00,-4.96E-08,-2.094395173,2.094395053
6/14/2018 15:15,-4.97E-08,-2.094395173,2.094395053
6/14/2018 15:30,-4.95E-08,-2.094395171,2.094395054
6/14/2018 15:45,-5.04E-08,-2.09439517,2.094395053
6/14/2018 16:00,-4.99E-08,-2.09439517,2.094395052
6/14/2018 16:15,-5.15E-08,-2.09439517,2.09439505
6/14/2018 16:30,-5.27E-08,-2.094395169,2.094395049
6/14/2018 16:45,-5.34E-08,-2.09439517,2.094395047
6/14/2018 17:00,-5.40E-08,-2.094395169,2.094395046
6/14/2018 17:15,-5.50E-08,-2.094395168,2.094395044
6/14/2018 17:30,-5.55E-08,-2.094395167,2.094395042
6/14/2018 17:45,-5.57E-08,-2.094395167,2.094395041
6/14/2018 18:00,-5.61E-08,-2.094395165,2.09439504
6/14/2018 18:15,-5.58E-08,-2.094395164,2.09439504
6/14/2018 18:30,-5.63E-08,-2.094395164,2.094395039
6/14/2018 18:45,-5.52E-08,-2.094395162,2.09439504
6/15/2018 7:00,-2.70E-08,-2.094395135,2.094395068
6/15/2018 7:15,-2.58E-08,-2.094395135,2.09439507
6/15/2018 7:30,-2.51E-08,-2.094395137,2.094395071
6/15/2018 7:45,-2.43E-08,-2.094395137,2.094395072
6/15/2018 8:00,-2.28E-08,-2.094395136,2.094395075
6/15/2018 8:15,-2.19E-08,-2.094395136,2.094395076
6/15/2018 8:30,-2.03E-08,-2.094395136,2.094395078
6/15/2018 8:45,-1.92E-08,-2.094395136,2.09439508
6/15/2018 9:00,-1.82E-08,-2.094395136,2.094395082
6/15/2018 9:15,-1.70E-08,-2.094395136,2.094395083
6/15/2018 9:30,-1.65E-08,-2.094395137,2.094395084
6/15/2018 9:45,-1.57E-08,-2.094395137,2.094395086
6/15/2018 10:00,-1.46E-08,-2.094395138,2.094395088
6/15/2018 10:15,-1.28E-08,-2.094395136,2.09439509
6/15/2018 10:30,-1.19E-08,-2.094395136,2.094395092
6/15/2018 10:45,-1.23E-08,-2.094395137,2.094395091
6/15/2018 11:00,-1.16E-08,-2.094395136,2.094395092
6/15/2018 11:15,-1.15E-08,-2.094395136,2.094395092
6/15/2018 11:30,-1.24E-08,-2.094395136,2.094395092
6/15/2018 11:45,-1.17E-08,-2.094395136,2.094395092
6/15/2018 12:00,-1.21E-08,-2.094395137,2.094395091
6/15/2018 12:15,-1.07E-08,-2.094395135,2.094395092
6/15/2018 12:30,-9.89E-09,-2.094395134,2.094395093
6/15/2018 12:45,-1.06E-08,-2.094395134,2.094395094
6/15/2018 13:00,-1.23E-08,-2.094395134,2.094395091
6/15/2018 13:15,-1.60E-08,-2.094395135,2.094395085
6/15/2018 13:30,-1.92E-08,-2.094395136,2.094395079
6/15/2018 13:45,-2.00E-08,-2.094395136,2.094395077
6/15/2018 14:00,-2.22E-08,-2.094395136,2.094395075
6/15/2018 14:15,-1.96E-08,-2.094395136,2.094395079
6/15/2018 14:30,-1.67E-08,-2.094395136,2.094395082
6/15/2018 14:45,-1.56E-08,-2.094395136,2.094395085
6/15/2018 15:00,-1.39E-08,-2.094395136,2.094395088
6/15/2018 15:15,-1.60E-08,-2.094395136,2.094395085
6/15/2018 15:30,-1.91E-08,-2.094395136,2.094395081
6/15/2018 15:45,-1.87E-08,-2.094395136,2.094395081
6/15/2018 16:00,-1.79E-08,-2.094395136,2.09439508
6/15/2018 16:15,-2.04E-08,-2.094395137,2.094395078
6/15/2018 16:30,-2.15E-08,-2.094395137,2.094395077
6/15/2018 16:45,-2.14E-08,-2.094395136,2.094395076
6/15/2018 17:00,-2.32E-08,-2.094395136,2.094395075
6/15/2018 17:15,-2.39E-08,-2.094395136,2.094395074
6/15/2018 17:30,-2.41E-08,-2.094395136,2.094395072
6/15/2018 17:45,-2.52E-08,-2.094395136,2.094395071
6/15/2018 18:00,-2.49E-08,-2.094395135,2.094395071
6/15/2018 18:15,-2.58E-08,-2.094395136,2.094395069
6/15/2018 18:30,-2.73E-08,-2.094395136,2.094395067
6/15/2018 18:45,-2.83E-08,-2.094395135,2.094395066
6/16/2018 7:00,-1.96E-08,-2.094395124,2.094395078
6/16/2018 7:15,-1.81E-08,-2.094395125,2.09439508
6/16/2018 7:30,-1.75E-08,-2.094395125,2.094395081
6/16/2018 7:45,-1.76E-08,-2.094395124,2.094395082
6/16/2018 8:00,-1.74E-08,-2.094395125,2.094395083
6/16/2018 8:15,-1.65E-08,-2.094395125,2.094395084
6/16/2018 8:30,-1.56E-08,-2.094395124,2.094395085
6/16/2018 8:45,-1.51E-08,-2.094395124,2.094395086
6/16/2018 9:00,-1.33E-08,-2.094395124,2.094395088
6/16/2018 9:15,-1.33E-08,-2.094395124,2.094395088
6/16/2018 9:30,-1.40E-08,-2.094395125,2.094395088
6/16/2018 9:45,-1.34E-08,-2.094395124,2.094395089
6/16/2018 10:00,-1.26E-08,-2.094395124,2.09439509
6/16/2018 10:15,-1.22E-08,-2.094395124,2.09439509
6/16/2018 10:30,-1.19E-08,-2.094395124,2.094395091
6/16/2018 10:45,-9.10E-09,-2.094395124,2.094395095
6/16/2018 11:00,-5.60E-09,-2.094395124,2.0943951
6/16/2018 11:15,-2.62E-09,-2.094395124,2.094395105
6/16/2018 11:30,-2.44E-09,-2.094395124,2.094395107
6/16/2018 11:45,-1.63E-09,-2.094395124,2.094395106
6/16/2018 12:00,-1.59E-09,-2.094395125,2.094395106
6/16/2018 12:15,-1.72E-09,-2.094395125,2.094395106
6/16/2018 12:30,-1.49E-09,-2.094395124,2.094395106
6/16/2018 12:45,-1.38E-09,-2.094395123,2.094395107
6/16/2018 13:00,-1.27E-09,-2.094395124,2.094395106
6/16/2018 13:15,-2.02E-09,-2.094395124,2.094395106
6/16/2018 13:30,-1.77E-09,-2.094395124,2.094395106
6/16/2018 13:45,-1.54E-09,-2.094395124,2.094395106
6/16/2018 14:00,-2.22E-09,-2.094395124,2.094395106
6/16/2018 14:15,-2.07E-09,-2.094395124,2.094395106
6/16/2018 14:30,-2.69E-09,-2.094395124,2.094395106
6/16/2018 14:45,-5.71E-09,-2.094395125,2.094395105
6/16/2018 15:00,-6.30E-09,-2.094395125,2.094395104
6/16/2018 15:15,-6.62E-09,-2.094395124,2.094395102
6/16/2018 15:30,-8.42E-09,-2.094395125,2.094395101
6/16/2018 15:45,-9.29E-09,-2.094395125,2.094395099
6/16/2018 16:00,-9.76E-09,-2.094395125,2.094395097
6/16/2018 16:15,-1.18E-08,-2.094395125,2.094395095
6/16/2018 16:30,-1.26E-08,-2.094395125,2.094395094
6/16/2018 16:45,-1.29E-08,-2.094395125,2.094395092
6/16/2018 17:00,-1.47E-08,-2.094395125,2.09439509
6/16/2018 17:15,-1.38E-08,-2.094395126,2.094395088
6/16/2018 17:30,-1.46E-08,-2.094395126,2.094395086
6/16/2018 17:45,-1.65E-08,-2.094395127,2.094395084
6/16/2018 18:00,-1.79E-08,-2.094395127,2.094395082
6/16/2018 18:15,-1.88E-08,-2.094395126,2.09439508
6/16/2018 18:30,-2.03E-08,-2.094395126,2.094395078
6/16/2018 18:45,-2.12E-08,-2.094395126,2.094395077
6/17/2018 7:00,-5.44E-08,-2.094395157,2.094395041
6/17/2018 7:15,-5.59E-08,-2.094395159,2.09439504
6/17/2018 7:30,-5.51E-08,-2.094395159,2.094395041
6/17/2018 7:45,-5.50E-08,-2.09439516,2.094395041
6/17/2018 8:00,-5.45E-08,-2.09439516,2.094395042
6/17/2018 8:15,-5.42E-08,-2.09439516,2.094395043
6/17/2018 8:30,-5.38E-08,-2.09439516,2.094395043
6/17/2018 8:45,-5.35E-08,-2.09439516,2.094395045
6/17/2018 9:00,-5.26E-08,-2.094395161,2.094395046
6/17/2018 9:15,-5.11E-08,-2.09439516,2.094395048
6/17/2018 9:30,-4.98E-08,-2.09439516,2.09439505
6/17/2018 9:45,-4.92E-08,-2.094395161,2.09439505
6/17/2018 10:00,-4.80E-08,-2.094395161,2.094395051
6/17/2018 10:15,-4.71E-08,-2.094395161,2.094395052
6/17/2018 10:30,-4.63E-08,-2.09439516,2.094395054
6/17/2018 10:45,-4.42E-08,-2.09439516,2.094395056
6/17/2018 11:00,-4.21E-08,-2.094395161,2.09439506
6/17/2018 11:15,-4.23E-08,-2.09439516,2.094395059
6/17/2018 11:30,-4.39E-08,-2.09439516,2.094395058
6/17/2018 11:45,-4.23E-08,-2.094395161,2.094395059
6/17/2018 12:00,-4.16E-08,-2.09439516,2.094395061
6/17/2018 12:15,-4.07E-08,-2.094395159,2.094395062
6/17/2018 12:30,-3.97E-08,-2.094395158,2.094395063
6/17/2018 12:45,-4.02E-08,-2.094395158,2.094395062
6/17/2018 13:00,-4.12E-08,-2.094395159,2.09439506
6/17/2018 13:15,-4.30E-08,-2.09439516,2.094395058
6/17/2018 13:30,-4.46E-08,-2.094395161,2.094395056
6/17/2018 13:45,-4.59E-08,-2.094395162,2.094395055
6/17/2018 14:00,-4.68E-08,-2.094395162,2.094395053
6/17/2018 14:15,-4.71E-08,-2.094395163,2.094395053
6/17/2018 14:30,-4.74E-08,-2.094395162,2.094395052
6/17/2018 14:45,-4.60E-08,-2.094395162,2.094395054
6/17/2018 15:00,-4.47E-08,-2.094395162,2.094395056
6/17/2018 15:15,-4.38E-08,-2.094395162,2.094395057
6/17/2018 15:30,-4.34E-08,-2.094395161,2.094395058
6/17/2018 15:45,-4.37E-08,-2.09439516,2.094395057
6/17/2018 16:00,-4.50E-08,-2.09439516,2.094395055
6/17/2018 16:15,-4.59E-08,-2.09439516,2.094395054
6/17/2018 16:30,-4.70E-08,-2.09439516,2.094395053
6/17/2018 16:45,-4.75E-08,-2.09439516,2.094395052
6/17/2018 17:00,-4.79E-08,-2.094395159,2.094395051
6/17/2018 17:15,-4.78E-08,-2.094395159,2.09439505
6/17/2018 17:30,-4.75E-08,-2.094395158,2.09439505
6/17/2018 17:45,-4.78E-08,-2.094395158,2.094395049
6/17/2018 18:00,-4.87E-08,-2.094395158,2.094395047
6/17/2018 18:15,-4.89E-08,-2.094395157,2.094395046
6/17/2018 18:30,-5.02E-08,-2.094395156,2.094395045
6/17/2018 18:45,-4.95E-08,-2.094395155,2.094395046
6/18/2018 7:00,-5.40E-08,-2.094395157,2.094395039
6/18/2018 7:15,-5.46E-08,-2.094395158,2.094395038
6/18/2018 7:30,-5.58E-08,-2.094395159,2.094395038
6/18/2018 7:45,-5.59E-08,-2.09439516,2.094395038
6/18/2018 8:00,-5.50E-08,-2.09439516,2.094395039
6/18/2018 8:15,-5.49E-08,-2.09439516,2.094395039
6/18/2018 8:30,-5.45E-08,-2.09439516,2.094395039
6/18/2018 8:45,-5.45E-08,-2.094395159,2.094395039
6/18/2018 9:00,-5.46E-08,-2.09439516,2.094395039
6/18/2018 9:15,-5.44E-08,-2.094395161,2.094395039
6/18/2018 9:30,-5.44E-08,-2.09439516,2.094395039
6/18/2018 9:45,-5.41E-08,-2.09439516,2.09439504
6/18/2018 10:00,-5.32E-08,-2.094395161,2.094395041
6/18/2018 10:15,-5.24E-08,-2.09439516,2.094395042
6/18/2018 10:30,-5.08E-08,-2.09439516,2.094395044
6/18/2018 10:45,-5.06E-08,-2.09439516,2.094395044
6/18/2018 11:00,-5.02E-08,-2.09439516,2.094395044
6/18/2018 11:15,-4.99E-08,-2.094395159,2.094395044
6/18/2018 11:30,-5.08E-08,-2.094395159,2.094395044
6/18/2018 11:45,-4.98E-08,-2.094395159,2.094395045
6/18/2018 12:00,-4.93E-08,-2.094395159,2.094395046
6/18/2018 12:15,-4.86E-08,-2.09439516,2.094395046
6/18/2018 12:30,-4.79E-08,-2.094395158,2.094395047
6/18/2018 12:45,-4.64E-08,-2.094395157,2.094395049
6/18/2018 13:00,-4.53E-08,-2.094395158,2.094395051
6/18/2018 13:15,-4.43E-08,-2.094395159,2.094395053
6/18/2018 13:30,-4.43E-08,-2.094395159,2.094395055
6/18/2018 13:45,-4.69E-08,-2.09439516,2.094395054
6/18/2018 14:00,-4.66E-08,-2.09439516,2.094395053
6/18/2018 14:15,-4.38E-08,-2.094395161,2.094395055
6/18/2018 14:30,-4.25E-08,-2.094395162,2.094395056
6/18/2018 14:45,-4.05E-08,-2.094395161,2.09439506
6/18/2018 15:00,-3.83E-08,-2.094395161,2.094395062
6/18/2018 15:15,-3.96E-08,-2.094395161,2.09439506
6/18/2018 15:30,-4.08E-08,-2.09439516,2.094395059
6/18/2018 15:45,-4.16E-08,-2.09439516,2.094395057
6/18/2018 16:00,-4.21E-08,-2.094395159,2.094395057
6/18/2018 16:15,-4.37E-08,-2.094395159,2.094395055
6/18/2018 16:30,-4.46E-08,-2.094395158,2.094395054
6/18/2018 16:45,-4.50E-08,-2.094395158,2.094395053
6/18/2018 17:00,-4.58E-08,-2.094395158,2.094395052
6/18/2018 17:15,-4.66E-08,-2.094395157,2.09439505
6/18/2018 17:30,-4.69E-08,-2.094395156,2.094395049
6/18/2018 17:45,-4.80E-08,-2.094395156,2.094395048
6/18/2018 18:00,-4.92E-08,-2.094395154,2.094395048
6/18/2018 18:15,-4.87E-08,-2.094395154,2.094395047
6/18/2018 18:30,-4.86E-08,-2.094395153,2.094395046
6/18/2018 18:45,-4.77E-08,-2.094395152,2.094395047
6/19/2018 7:00,-5.41E-08,-2.094395156,2.09439504
6/19/2018 7:15,-5.42E-08,-2.094395157,2.094395039
6/19/2018 7:30,-5.46E-08,-2.094395158,2.094395039
6/19/2018 7:45,-5.44E-08,-2.094395159,2.094395039
6/19/2018 8:00,-5.44E-08,-2.094395159,2.09439504
6/19/2018 8:15,-5.34E-08,-2.09439516,2.09439504
6/19/2018 8:30,-5.26E-08,-2.09439516,2.09439504
6/19/2018 8:45,-5.16E-08,-2.094395159,2.094395041
6/19/2018 9:00,-5.06E-08,-2.094395159,2.094395043
6/19/2018 9:15,-4.90E-08,-2.09439516,2.094395046
6/19/2018 9:30,-4.71E-08,-2.094395159,2.094395049
6/19/2018 9:45,-4.66E-08,-2.094395159,2.094395049
6/19/2018 10:00,-4.65E-08,-2.094395159,2.09439505
6/19/2018 10:15,-4.62E-08,-2.094395159,2.094395051
6/19/2018 10:30,-4.58E-08,-2.094395159,2.094395052
6/19/2018 10:45,-4.70E-08,-2.094395159,2.094395053
6/19/2018 11:00,-4.58E-08,-2.094395159,2.094395055
6/19/2018 11:15,-4.45E-08,-2.094395158,2.094395055
6/19/2018 11:30,-4.34E-08,-2.094395158,2.094395056
6/19/2018 11:45,-4.15E-08,-2.094395158,2.094395057
6/19/2018 12:00,-4.07E-08,-2.094395159,2.094395058
6/19/2018 12:15,-3.67E-08,-2.094395158,2.094395064
6/19/2018 12:30,-3.33E-08,-2.094395156,2.094395069
6/19/2018 12:45,-3.28E-08,-2.094395156,2.094395069
6/19/2018 13:00,-3.30E-08,-2.094395156,2.094395069
6/19/2018 13:15,-3.44E-08,-2.094395157,2.094395068
6/19/2018 13:30,-3.53E-08,-2.094395159,2.094395067
6/19/2018 13:45,-3.60E-08,-2.094395159,2.094395066
6/19/2018 14:00,-3.64E-08,-2.09439516,2.094395065
6/19/2018 14:15,-3.66E-08,-2.09439516,2.094395065
6/19/2018 14:30,-3.69E-08,-2.09439516,2.094395065
6/19/2018 14:45,-3.75E-08,-2.09439516,2.094395065
6/19/2018 15:00,-3.81E-08,-2.09439516,2.094395064
6/19/2018 15:15,-3.89E-08,-2.09439516,2.094395063
6/19/2018 15:30,-4.01E-08,-2.094395161,2.094395061
6/19/2018 15:45,-4.19E-08,-2.09439516,2.09439506
6/19/2018 16:00,-4.29E-08,-2.094395159,2.094395058
6/19/2018 16:15,-4.25E-08,-2.094395159,2.094395057
6/19/2018 16:30,-4.36E-08,-2.094395158,2.094395056
6/19/2018 16:45,-4.46E-08,-2.094395158,2.094395055
6/19/2018 17:00,-4.66E-08,-2.09439516,2.094395052
6/19/2018 17:15,-4.76E-08,-2.094395159,2.09439505
6/19/2018 17:30,-4.80E-08,-2.094395159,2.094395049
6/19/2018 17:45,-4.82E-08,-2.094395158,2.094395048
6/19/2018 18:00,-4.84E-08,-2.094395156,2.094395047
6/19/2018 18:15,-4.86E-08,-2.094395155,2.094395047
6/19/2018 18:30,-4.96E-08,-2.094395155,2.094395045
6/19/2018 18:45,-4.82E-08,-2.094395153,2.094395046
6/20/2018 7:00,-5.21E-08,-2.094395158,2.094395042
6/20/2018 7:15,-5.21E-08,-2.094395157,2.094395042
6/20/2018 7:30,-5.22E-08,-2.094395159,2.094395041
6/20/2018 7:45,-5.21E-08,-2.09439516,2.094395041
6/20/2018 8:00,-5.14E-08,-2.094395159,2.094395042
6/20/2018 8:15,-5.21E-08,-2.094395159,2.094395043
6/20/2018 8:30,-5.18E-08,-2.094395159,2.094395042
6/20/2018 8:45,-5.13E-08,-2.094395159,2.094395043
6/20/2018 9:00,-5.26E-08,-2.094395159,2.094395043
6/20/2018 9:15,-5.09E-08,-2.09439516,2.094395044
6/20/2018 9:30,-4.95E-08,-2.094395159,2.094395045
6/20/2018 9:45,-4.81E-08,-2.094395159,2.094395047
6/20/2018 10:00,-4.75E-08,-2.094395159,2.094395049
6/20/2018 10:15,-4.39E-08,-2.094395159,2.094395054
6/20/2018 10:30,-4.01E-08,-2.094395159,2.094395059
6/20/2018 10:45,-3.74E-08,-2.094395158,2.094395064
6/20/2018 11:00,-3.51E-08,-2.094395159,2.094395067
6/20/2018 11:15,-3.50E-08,-2.094395159,2.094395067
6/20/2018 11:30,-3.60E-08,-2.094395158,2.094395067
6/20/2018 11:45,-3.53E-08,-2.094395158,2.094395066
6/20/2018 12:00,-3.57E-08,-2.094395159,2.094395066
6/20/2018 12:15,-3.51E-08,-2.094395158,2.094395067
6/20/2018 12:30,-3.42E-08,-2.094395157,2.094395068
6/20/2018 12:45,-3.49E-08,-2.094395158,2.094395067
6/20/2018 13:00,-3.47E-08,-2.094395158,2.094395068
6/20/2018 13:15,-3.68E-08,-2.09439516,2.094395066
6/20/2018 13:30,-3.80E-08,-2.094395161,2.094395064
6/20/2018 13:45,-3.85E-08,-2.094395161,2.094395064
6/20/2018 14:00,-3.87E-08,-2.094395161,2.094395064
6/20/2018 14:15,-3.89E-08,-2.094395161,2.094395063
6/20/2018 14:30,-3.92E-08,-2.094395162,2.094395063
6/20/2018 14:45,-3.94E-08,-2.094395162,2.094395063
6/20/2018 15:00,-3.96E-08,-2.094395162,2.094395062
6/20/2018 15:15,-4.01E-08,-2.094395162,2.094395061
6/20/2018 15:30,-4.12E-08,-2.094395162,2.094395059
6/20/2018 15:45,-4.21E-08,-2.094395161,2.094395057
6/20/2018 16:00,-4.30E-08,-2.094395161,2.094395056
6/20/2018 16:15,-4.43E-08,-2.094395161,2.094395054
6/20/2018 16:30,-4.59E-08,-2.094395161,2.094395053
6/20/2018 16:45,-4.66E-08,-2.094395159,2.094395052
6/20/2018 17:00,-4.75E-08,-2.09439516,2.09439505
6/20/2018 17:15,-4.87E-08,-2.09439516,2.094395048
6/20/2018 17:30,-4.91E-08,-2.09439516,2.094395047
6/20/2018 17:45,-4.95E-08,-2.094395158,2.094395046
6/20/2018 18:00,-4.92E-08,-2.094395157,2.094395045
6/20/2018 18:15,-4.94E-08,-2.094395156,2.094395045
6/20/2018 18:30,-5.03E-08,-2.094395156,2.094395043
6/20/2018 18:45,-4.96E-08,-2.094395154,2.094395044
6/21/2018 7:00,-5.76E-08,-2.09439516,2.094395039
6/21/2018 7:15,-5.74E-08,-2.09439516,2.09439504
6/21/2018 7:30,-5.57E-08,-2.094395161,2.094395041
6/21/2018 7:45,-5.43E-08,-2.094395163,2.094395043
6/21/2018 8:00,-5.09E-08,-2.094395163,2.094395046
6/21/2018 8:15,-4.93E-08,-2.094395163,2.094395048
6/21/2018 8:30,-4.83E-08,-2.094395162,2.094395051
6/21/2018 8:45,-4.62E-08,-2.094395162,2.094395053
6/21/2018 9:00,-4.50E-08,-2.094395162,2.094395054
6/21/2018 9:15,-4.40E-08,-2.094395163,2.094395056
6/21/2018 9:30,-4.31E-08,-2.094395162,2.094395058
6/21/2018 9:45,-4.23E-08,-2.094395163,2.094395059
6/21/2018 10:00,-4.15E-08,-2.094395163,2.094395061
6/21/2018 10:15,-4.07E-08,-2.094395164,2.094395062
6/21/2018 10:30,-4.00E-08,-2.094395164,2.094395063
6/21/2018 10:45,-3.98E-08,-2.094395163,2.094395063
6/21/2018 11:00,-3.94E-08,-2.094395163,2.094395063
6/21/2018 11:15,-3.96E-08,-2.094395163,2.094395063
6/21/2018 11:30,-4.08E-08,-2.094395163,2.094395062
6/21/2018 11:45,-4.04E-08,-2.094395164,2.094395061
6/21/2018 12:00,-4.07E-08,-2.094395164,2.094395061
6/21/2018 12:15,-3.99E-08,-2.094395163,2.094395062
6/21/2018 12:30,-3.91E-08,-2.094395163,2.094395062
6/21/2018 12:45,-3.88E-08,-2.094395162,2.094395062
6/21/2018 13:00,-3.94E-08,-2.094395163,2.094395062
6/21/2018 13:15,-4.07E-08,-2.094395164,2.094395061
6/21/2018 13:30,-4.15E-08,-2.094395165,2.094395059
6/21/2018 13:45,-4.22E-08,-2.094395166,2.094395058
6/21/2018 14:00,-4.26E-08,-2.094395167,2.094395058
6/21/2018 14:15,-4.28E-08,-2.094395167,2.094395057
6/21/2018 14:30,-4.31E-08,-2.094395167,2.094395057
6/21/2018 14:45,-4.30E-08,-2.094395167,2.094395057
6/21/2018 15:00,-4.37E-08,-2.094395167,2.094395056
6/21/2018 15:15,-4.65E-08,-2.094395168,2.094395054
6/21/2018 15:30,-4.75E-08,-2.094395168,2.094395053
6/21/2018 15:45,-4.84E-08,-2.094395168,2.094395051
6/21/2018 16:00,-4.80E-08,-2.094395166,2.094395049
6/21/2018 16:15,-4.87E-08,-2.094395166,2.094395048
6/21/2018 16:30,-5.12E-08,-2.094395165,2.094395047
6/21/2018 16:45,-5.07E-08,-2.094395165,2.094395046
6/21/2018 17:00,-5.13E-08,-2.094395165,2.094395045
6/21/2018 17:15,-5.17E-08,-2.094395164,2.094395043
6/21/2018 17:30,-5.28E-08,-2.094395164,2.094395041
6/21/2018 17:45,-5.34E-08,-2.094395163,2.094395041
6/21/2018 18:00,-5.41E-08,-2.094395162,2.094395039
6/21/2018 18:15,-5.45E-08,-2.094395163,2.094395038
6/21/2018 18:30,-5.59E-08,-2.094395162,2.094395037
6/21/2018 18:45,-5.53E-08,-2.094395159,2.094395039
6/22/2018 7:00,-3.06E-08,-2.094395139,2.094395061
6/22/2018 7:15,-2.98E-08,-2.094395139,2.094395062
6/22/2018 7:30,-2.99E-08,-2.09439514,2.094395063
6/22/2018 7:45,-2.96E-08,-2.09439514,2.094395064
6/22/2018 8:00,-3.05E-08,-2.09439514,2.094395066
6/22/2018 8:15,-2.96E-08,-2.094395141,2.094395068
6/22/2018 8:30,-2.81E-08,-2.09439514,2.09439507
6/22/2018 8:45,-2.63E-08,-2.09439514,2.094395071
6/22/2018 9:00,-2.43E-08,-2.09439514,2.094395073
6/22/2018 9:15,-2.33E-08,-2.094395141,2.094395074
6/22/2018 9:30,-2.12E-08,-2.094395142,2.094395076
6/22/2018 9:45,-2.02E-08,-2.094395142,2.094395077
6/22/2018 10:00,-1.92E-08,-2.094395141,2.094395079
6/22/2018 10:15,-1.80E-08,-2.094395141,2.09439508
6/22/2018 10:30,-1.73E-08,-2.094395141,2.094395081
6/22/2018 10:45,-1.73E-08,-2.094395141,2.094395081
6/22/2018 11:00,-1.61E-08,-2.094395141,2.094395082
6/22/2018 11:15,-1.61E-08,-2.094395142,2.094395081
6/22/2018 11:30,-1.65E-08,-2.094395141,2.094395081
6/22/2018 11:45,-1.55E-08,-2.094395141,2.094395081
6/22/2018 12:00,-1.59E-08,-2.094395141,2.094395081
6/22/2018 12:15,-1.41E-08,-2.09439514,2.094395082
6/22/2018 12:30,-1.31E-08,-2.09439514,2.094395083
6/22/2018 12:45,-1.22E-08,-2.094395138,2.094395084
6/22/2018 13:00,-1.21E-08,-2.094395139,2.094395083
6/22/2018 13:15,-1.40E-08,-2.094395139,2.094395083
6/22/2018 13:30,-1.42E-08,-2.09439514,2.094395083
6/22/2018 13:45,-1.37E-08,-2.094395141,2.094395082
6/22/2018 14:00,-1.54E-08,-2.094395142,2.094395082
6/22/2018 14:15,-1.49E-08,-2.094395141,2.094395082
6/22/2018 14:30,-1.40E-08,-2.094395141,2.094395081
6/22/2018 14:45,-1.56E-08,-2.094395141,2.094395081
6/22/2018 15:00,-1.57E-08,-2.094395141,2.094395081
6/22/2018 15:15,-1.56E-08,-2.094395141,2.094395079
6/22/2018 15:30,-2.00E-08,-2.094395141,2.094395077
6/22/2018 15:45,-2.12E-08,-2.094395141,2.094395075
6/22/2018 16:00,-2.08E-08,-2.094395141,2.094395074
6/22/2018 16:15,-2.35E-08,-2.094395142,2.094395072
6/22/2018 16:30,-2.47E-08,-2.094395141,2.094395071
6/22/2018 16:45,-2.42E-08,-2.094395141,2.094395069
6/22/2018 17:00,-2.57E-08,-2.094395142,2.094395067
6/22/2018 17:15,-2.67E-08,-2.094395142,2.094395066
6/22/2018 17:30,-2.60E-08,-2.09439514,2.094395064
6/22/2018 17:45,-2.80E-08,-2.094395141,2.094395062
6/22/2018 18:00,-2.89E-08,-2.09439514,2.09439506
6/22/2018 18:15,-2.93E-08,-2.09439514,2.094395059
6/22/2018 18:30,-3.15E-08,-2.094395141,2.094395057
6/22/2018 18:45,-3.20E-08,-2.094395141,2.094395055
6/23/2018 7:00,-2.18E-08,-2.094395126,2.094395078
6/23/2018 7:15,-2.09E-08,-2.094395127,2.09439508
6/23/2018 7:30,-1.95E-08,-2.094395126,2.094395082
6/23/2018 7:45,-1.83E-08,-2.094395127,2.094395083
6/23/2018 8:00,-1.85E-08,-2.094395127,2.094395085
6/23/2018 8:15,-1.64E-08,-2.094395126,2.094395087
6/23/2018 8:30,-1.45E-08,-2.094395127,2.094395088
6/23/2018 8:45,-1.35E-08,-2.094395127,2.09439509
6/23/2018 9:00,-1.25E-08,-2.094395126,2.094395092
6/23/2018 9:15,-1.17E-08,-2.094395127,2.094395093
6/23/2018 9:30,-1.16E-08,-2.094395128,2.094395094
6/23/2018 9:45,-1.05E-08,-2.094395127,2.094395096
6/23/2018 10:00,-9.30E-09,-2.094395127,2.094395097
6/23/2018 10:15,-7.47E-09,-2.094395126,2.0943951
6/23/2018 10:30,-6.24E-09,-2.094395126,2.094395102
6/23/2018 10:45,-5.36E-09,-2.094395127,2.094395103
6/23/2018 11:00,-5.26E-09,-2.094395128,2.094395103
6/23/2018 11:15,-4.90E-09,-2.094395127,2.094395103
6/23/2018 11:30,-5.46E-09,-2.094395127,2.094395102
6/23/2018 11:45,-4.55E-09,-2.094395128,2.094395102
6/23/2018 12:00,-4.76E-09,-2.094395128,2.094395102
6/23/2018 12:15,-4.52E-09,-2.094395127,2.094395102
6/23/2018 12:30,-4.30E-09,-2.094395127,2.094395102
6/23/2018 12:45,-3.80E-09,-2.094395127,2.094395103
6/23/2018 13:00,-3.46E-09,-2.094395128,2.094395102
6/23/2018 13:15,-4.43E-09,-2.094395128,2.094395102
6/23/2018 13:30,-3.83E-09,-2.094395127,2.094395103
6/23/2018 13:45,-3.31E-09,-2.094395128,2.094395102
6/23/2018 14:00,-4.61E-09,-2.094395128,2.094395102
6/23/2018 14:15,-4.43E-09,-2.094395127,2.094395102
6/23/2018 14:30,-4.89E-09,-2.094395128,2.0943951
6/23/2018 14:45,-5.80E-09,-2.094395128,2.0943951
6/23/2018 15:00,-6.44E-09,-2.094395128,2.094395101
6/23/2018 15:15,-5.44E-09,-2.094395128,2.094395099
6/23/2018 15:30,-7.54E-09,-2.094395128,2.094395097
6/23/2018 15:45,-8.19E-09,-2.094395127,2.094395096
6/23/2018 16:00,-8.93E-09,-2.094395128,2.094395094
6/23/2018 16:15,-1.15E-08,-2.094395128,2.094395092
6/23/2018 16:30,-1.26E-08,-2.094395128,2.094395091
6/23/2018 16:45,-1.27E-08,-2.094395129,2.094395089
6/23/2018 17:00,-1.56E-08,-2.094395129,2.094395087
6/23/2018 17:15,-1.74E-08,-2.094395128,2.094395085
6/23/2018 17:30,-1.63E-08,-2.094395128,2.094395084
6/23/2018 17:45,-1.81E-08,-2.094395129,2.094395082
6/23/2018 18:00,-1.89E-08,-2.094395127,2.09439508
6/23/2018 18:15,-1.97E-08,-2.094395128,2.094395078
6/23/2018 18:30,-2.17E-08,-2.094395128,2.094395077
6/23/2018 18:45,-2.21E-08,-2.094395128,2.094395075
6/24/2018 7:00,-5.99E-08,-2.094395159,2.09439504
6/24/2018 7:15,-6.19E-08,-2.09439516,2.094395039
6/24/2018 7:30,-6.10E-08,-2.09439516,2.094395039
6/24/2018 7:45,-5.93E-08,-2.094395161,2.09439504
6/24/2018 8:00,-5.65E-08,-2.094395163,2.094395041
6/24/2018 8:15,-5.59E-08,-2.094395162,2.094395042
6/24/2018 8:30,-5.46E-08,-2.094395162,2.094395044
6/24/2018 8:45,-5.41E-08,-2.094395162,2.094395044
6/24/2018 9:00,-5.37E-08,-2.094395162,2.094395045
6/24/2018 9:15,-5.35E-08,-2.094395162,2.094395046
6/24/2018 9:30,-5.32E-08,-2.094395163,2.094395046
6/24/2018 9:45,-5.35E-08,-2.094395163,2.094395046
6/24/2018 10:00,-5.38E-08,-2.094395163,2.094395045
6/24/2018 10:15,-5.28E-08,-2.094395163,2.094395047
6/24/2018 10:30,-5.14E-08,-2.094395164,2.094395049
6/24/2018 10:45,-5.06E-08,-2.094395163,2.09439505
6/24/2018 11:00,-4.95E-08,-2.094395163,2.094395051
6/24/2018 11:15,-4.76E-08,-2.094395163,2.094395054
6/24/2018 11:30,-4.69E-08,-2.094395163,2.094395056
6/24/2018 11:45,-4.24E-08,-2.094395163,2.094395062
6/24/2018 12:00,-3.97E-08,-2.094395164,2.094395067
6/24/2018 12:15,-3.86E-08,-2.094395163,2.094395067
6/24/2018 12:30,-3.77E-08,-2.094395161,2.094395068
6/24/2018 12:45,-3.75E-08,-2.094395161,2.094395069
6/24/2018 13:00,-3.79E-08,-2.094395161,2.094395068
6/24/2018 13:15,-3.93E-08,-2.094395162,2.094395067
6/24/2018 13:30,-4.10E-08,-2.094395164,2.094395065
6/24/2018 13:45,-4.09E-08,-2.094395164,2.094395065
6/24/2018 14:00,-4.22E-08,-2.094395165,2.094395065
6/24/2018 14:15,-4.28E-08,-2.094395165,2.094395064
6/24/2018 14:30,-4.22E-08,-2.094395165,2.094395063
6/24/2018 14:45,-4.14E-08,-2.094395165,2.094395064
6/24/2018 15:00,-4.14E-08,-2.094395164,2.094395064
6/24/2018 15:15,-4.23E-08,-2.094395164,2.094395062
6/24/2018 15:30,-4.53E-08,-2.094395165,2.09439506
6/24/2018 15:45,-4.69E-08,-2.094395165,2.094395058
6/24/2018 16:00,-4.79E-08,-2.094395164,2.094395056
6/24/2018 16:15,-4.71E-08,-2.094395164,2.094395055
6/24/2018 16:30,-4.76E-08,-2.094395163,2.094395054
6/24/2018 16:45,-4.78E-08,-2.094395163,2.094395053
6/24/2018 17:00,-4.91E-08,-2.094395162,2.094395051
6/24/2018 17:15,-4.99E-08,-2.094395162,2.094395049
6/24/2018 17:30,-4.99E-08,-2.094395162,2.094395048
6/24/2018 17:45,-4.95E-08,-2.094395159,2.094395048
6/24/2018 18:00,-5.05E-08,-2.094395159,2.094395047
6/24/2018 18:15,-5.06E-08,-2.094395159,2.094395046
6/24/2018 18:30,-5.15E-08,-2.094395158,2.094395045
6/24/2018 18:45,-5.10E-08,-2.094395156,2.094395045
6/25/2018 7:00,-5.45E-08,-2.094395158,2.094395042
6/25/2018 7:15,-5.63E-08,-2.094395159,2.094395041
6/25/2018 7:30,-5.79E-08,-2.09439516,2.09439504
6/25/2018 7:45,-5.76E-08,-2.094395161,2.094395041
6/25/2018 8:00,-5.58E-08,-2.09439516,2.094395043
6/25/2018 8:15,-5.49E-08,-2.094395161,2.094395044
6/25/2018 8:30,-5.27E-08,-2.094395162,2.094395045
6/25/2018 8:45,-5.12E-08,-2.094395161,2.094395047
6/25/2018 9:00,-5.07E-08,-2.094395161,2.094395048
6/25/2018 9:15,-4.99E-08,-2.094395161,2.094395049
6/25/2018 9:30,-4.86E-08,-2.094395161,2.094395051
6/25/2018 9:45,-4.69E-08,-2.094395162,2.094395054
6/25/2018 10:00,-4.47E-08,-2.094395162,2.094395057
6/25/2018 10:15,-4.40E-08,-2.094395163,2.094395058
6/25/2018 10:30,-4.32E-08,-2.094395162,2.094395059
6/25/2018 10:45,-4.22E-08,-2.094395162,2.09439506
6/25/2018 11:00,-4.10E-08,-2.094395162,2.094395062
6/25/2018 11:15,-4.07E-08,-2.094395161,2.094395063
6/25/2018 11:30,-4.13E-08,-2.094395161,2.094395063
6/25/2018 11:45,-3.94E-08,-2.094395161,2.094395065
6/25/2018 12:00,-3.88E-08,-2.094395161,2.094395066
6/25/2018 12:15,-3.79E-08,-2.094395161,2.094395067
6/25/2018 12:30,-3.67E-08,-2.09439516,2.094395068
6/25/2018 12:45,-3.61E-08,-2.094395159,2.094395068
6/25/2018 13:00,-3.64E-08,-2.094395159,2.094395068
6/25/2018 13:15,-3.77E-08,-2.09439516,2.094395067
6/25/2018 13:30,-4.02E-08,-2.094395162,2.094395065
6/25/2018 13:45,-4.12E-08,-2.094395162,2.094395065
6/25/2018 14:00,-4.01E-08,-2.094395163,2.094395064
6/25/2018 14:15,-4.03E-08,-2.094395163,2.094395063
6/25/2018 14:30,-4.09E-08,-2.094395163,2.094395062
6/25/2018 14:45,-4.07E-08,-2.094395163,2.094395063
6/25/2018 15:00,-4.06E-08,-2.094395163,2.094395063
6/25/2018 15:15,-4.13E-08,-2.094395163,2.094395061
6/25/2018 15:30,-4.23E-08,-2.094395164,2.09439506
6/25/2018 15:45,-4.32E-08,-2.094395163,2.094395058
6/25/2018 16:00,-4.40E-08,-2.094395162,2.094395057
6/25/2018 16:15,-4.51E-08,-2.094395162,2.094395055
6/25/2018 16:30,-4.66E-08,-2.094395161,2.094395054
6/25/2018 16:45,-4.89E-08,-2.094395163,2.094395052
6/25/2018 17:00,-5.02E-08,-2.094395163,2.094395049
6/25/2018 17:15,-5.05E-08,-2.094395162,2.094395048
6/25/2018 17:30,-5.15E-08,-2.094395162,2.094395047
6/25/2018 17:45,-5.16E-08,-2.09439516,2.094395046
6/25/2018 18:00,-5.14E-08,-2.094395159,2.094395045
6/25/2018 18:15,-5.04E-08,-2.094395157,2.094395046
6/25/2018 18:30,-5.11E-08,-2.094395156,2.094395044
6/25/2018 18:45,-5.08E-08,-2.094395155,2.094395044
6/26/2018 7:00,-5.46E-08,-2.094395159,2.094395041
6/26/2018 7:15,-5.56E-08,-2.094395159,2.09439504
6/26/2018 7:30,-5.60E-08,-2.094395159,2.094395039
6/26/2018 7:45,-5.62E-08,-2.09439516,2.094395039
6/26/2018 8:00,-5.58E-08,-2.094395161,2.09439504
6/26/2018 8:15,-5.55E-08,-2.094395161,2.09439504
6/26/2018 8:30,-5.55E-08,-2.09439516,2.09439504
6/26/2018 8:45,-5.52E-08,-2.094395161,2.09439504
6/26/2018 9:00,-5.47E-08,-2.094395162,2.094395041
6/26/2018 9:15,-5.46E-08,-2.094395161,2.094395042
6/26/2018 9:30,-5.48E-08,-2.094395161,2.094395042
6/26/2018 9:45,-5.47E-08,-2.094395161,2.094395042
6/26/2018 10:00,-5.46E-08,-2.094395161,2.094395042
6/26/2018 10:15,-5.51E-08,-2.094395161,2.094395042
6/26/2018 10:30,-5.47E-08,-2.094395162,2.094395042
6/26/2018 10:45,-5.44E-08,-2.094395161,2.094395043
6/26/2018 11:00,-5.33E-08,-2.094395161,2.094395043
6/26/2018 11:15,-5.31E-08,-2.094395161,2.094395044
6/26/2018 11:30,-5.41E-08,-2.094395162,2.094395044
6/26/2018 11:45,-5.24E-08,-2.094395162,2.094395045
6/26/2018 12:00,-5.20E-08,-2.094395162,2.094395045
6/26/2018 12:15,-5.12E-08,-2.094395161,2.094395046
6/26/2018 12:30,-5.12E-08,-2.09439516,2.094395047
6/26/2018 12:45,-5.10E-08,-2.09439516,2.094395047
6/26/2018 13:00,-5.13E-08,-2.09439516,2.094395047
6/26/2018 13:15,-5.23E-08,-2.094395161,2.094395046
6/26/2018 13:30,-5.33E-08,-2.094395162,2.094395045
6/26/2018 13:45,-5.28E-08,-2.094395162,2.094395046
6/26/2018 14:00,-5.20E-08,-2.094395162,2.094395046
6/26/2018 14:15,-5.20E-08,-2.094395163,2.094395046
6/26/2018 14:30,-5.19E-08,-2.094395163,2.094395046
6/26/2018 14:45,-4.93E-08,-2.094395163,2.09439505
6/26/2018 15:00,-4.69E-08,-2.094395162,2.094395054
6/26/2018 15:15,-4.74E-08,-2.094395162,2.094395053
6/26/2018 15:30,-4.79E-08,-2.094395162,2.094395052
6/26/2018 15:45,-4.83E-08,-2.094395162,2.094395052
6/26/2018 16:00,-4.86E-08,-2.094395161,2.094395051
6/26/2018 16:15,-4.86E-08,-2.09439516,2.09439505
6/26/2018 16:30,-4.93E-08,-2.09439516,2.09439505
6/26/2018 16:45,-4.99E-08,-2.09439516,2.094395049
6/26/2018 17:00,-5.04E-08,-2.09439516,2.094395048
6/26/2018 17:15,-5.04E-08,-2.094395159,2.094395047
6/26/2018 17:30,-5.01E-08,-2.094395158,2.094395047
6/26/2018 17:45,-4.95E-08,-2.094395158,2.094395047
6/26/2018 18:00,-4.93E-08,-2.094395156,2.094395047
6/26/2018 18:15,-4.90E-08,-2.094395156,2.094395047
6/26/2018 18:30,-4.99E-08,-2.094395156,2.094395046
6/26/2018 18:45,-4.90E-08,-2.094395154,2.094395046
6/27/2018 7:00,-5.19E-08,-2.094395158,2.094395045
6/27/2018 7:15,-5.16E-08,-2.094395159,2.094395046
6/27/2018 7:30,-5.08E-08,-2.09439516,2.094395047
6/27/2018 7:45,-5.00E-08,-2.09439516,2.094395048
6/27/2018 8:00,-4.79E-08,-2.09439516,2.09439505
6/27/2018 8:15,-4.69E-08,-2.09439516,2.094395052
6/27/2018 8:30,-4.57E-08,-2.09439516,2.094395054
6/27/2018 8:45,-4.43E-08,-2.09439516,2.094395055
6/27/2018 9:00,-4.32E-08,-2.09439516,2.094395057
6/27/2018 9:15,-4.24E-08,-2.094395161,2.094395059
6/27/2018 9:30,-4.12E-08,-2.094395162,2.09439506
6/27/2018 9:45,-4.04E-08,-2.094395161,2.094395062
6/27/2018 10:00,-3.98E-08,-2.094395161,2.094395063
6/27/2018 10:15,-3.87E-08,-2.094395161,2.094395065
6/27/2018 10:30,-3.79E-08,-2.094395161,2.094395066
6/27/2018 10:45,-3.73E-08,-2.094395161,2.094395067
6/27/2018 11:00,-3.71E-08,-2.094395161,2.094395067
6/27/2018 11:15,-3.69E-08,-2.09439516,2.094395067
6/27/2018 11:30,-3.77E-08,-2.09439516,2.094395067
6/27/2018 11:45,-3.67E-08,-2.094395161,2.094395067
6/27/2018 12:00,-3.71E-08,-2.094395162,2.094395066
6/27/2018 12:15,-3.64E-08,-2.09439516,2.094395067
6/27/2018 12:30,-3.57E-08,-2.094395159,2.094395068
6/27/2018 12:45,-3.54E-08,-2.094395159,2.094395068
6/27/2018 13:00,-3.57E-08,-2.094395159,2.094395068
6/27/2018 13:15,-3.76E-08,-2.094395161,2.094395067
6/27/2018 13:30,-4.07E-08,-2.094395161,2.094395066
6/27/2018 13:45,-4.07E-08,-2.094395162,2.094395065
6/27/2018 14:00,-3.89E-08,-2.094395162,2.094395065
6/27/2018 14:15,-3.91E-08,-2.094395162,2.094395064
6/27/2018 14:30,-3.96E-08,-2.094395163,2.094395064
6/27/2018 14:45,-4.02E-08,-2.094395163,2.094395064
6/27/2018 15:00,-4.07E-08,-2.094395164,2.094395063
6/27/2018 15:15,-4.16E-08,-2.094395164,2.094395061
6/27/2018 15:30,-4.25E-08,-2.094395162,2.09439506
6/27/2018 15:45,-4.33E-08,-2.094395162,2.094395058
6/27/2018 16:00,-4.36E-08,-2.094395162,2.094395056
6/27/2018 16:15,-4.51E-08,-2.094395161,2.094395055
6/27/2018 16:30,-4.62E-08,-2.094395161,2.094395054
6/27/2018 16:45,-4.78E-08,-2.094395161,2.094395052
6/27/2018 17:00,-4.96E-08,-2.094395162,2.094395049
6/27/2018 17:15,-5.21E-08,-2.094395163,2.094395047
6/27/2018 17:30,-5.19E-08,-2.094395162,2.094395046
6/27/2018 17:45,-5.12E-08,-2.094395161,2.094395045
6/27/2018 18:00,-5.10E-08,-2.09439516,2.094395045
6/27/2018 18:15,-5.05E-08,-2.094395158,2.094395045
6/27/2018 18:30,-5.08E-08,-2.094395156,2.094395044
6/27/2018 18:45,-5.01E-08,-2.094395154,2.094395045
6/28/2018 7:00,-5.21E-08,-2.094395159,2.094395044
6/28/2018 7:15,-5.21E-08,-2.09439516,2.094395044
6/28/2018 7:30,-5.21E-08,-2.094395161,2.094395045
6/28/2018 7:45,-5.12E-08,-2.094395162,2.094395047
6/28/2018 8:00,-5.03E-08,-2.094395162,2.094395048
6/28/2018 8:15,-4.97E-08,-2.094395162,2.09439505
6/28/2018 8:30,-4.80E-08,-2.094395163,2.094395052
6/28/2018 8:45,-4.69E-08,-2.094395163,2.094395053
6/28/2018 9:00,-4.64E-08,-2.094395162,2.094395055
6/28/2018 9:15,-4.51E-08,-2.094395162,2.094395057
6/28/2018 9:30,-4.42E-08,-2.094395163,2.094395058
6/28/2018 9:45,-4.30E-08,-2.094395164,2.09439506
6/28/2018 10:00,-4.24E-08,-2.094395164,2.094395061
6/28/2018 10:15,-4.18E-08,-2.094395164,2.094395062
6/28/2018 10:30,-4.08E-08,-2.094395164,2.094395064
6/28/2018 10:45,-4.03E-08,-2.094395163,2.094395064
6/28/2018 11:00,-3.99E-08,-2.094395163,2.094395064
6/28/2018 11:15,-4.00E-08,-2.094395163,2.094395064
6/28/2018 11:30,-4.10E-08,-2.094395164,2.094395063
6/28/2018 11:45,-4.02E-08,-2.094395163,2.094395063
6/28/2018 12:00,-4.06E-08,-2.094395164,2.094395062
6/28/2018 12:15,-3.96E-08,-2.094395163,2.094395063
6/28/2018 12:30,-3.99E-08,-2.094395162,2.094395064
6/28/2018 12:45,-3.85E-08,-2.094395162,2.094395064
6/28/2018 13:00,-3.87E-08,-2.094395162,2.094395064
6/28/2018 13:15,-3.99E-08,-2.094395163,2.094395063
6/28/2018 13:30,-4.11E-08,-2.094395164,2.094395062
6/28/2018 13:45,-4.18E-08,-2.094395165,2.094395061
6/28/2018 14:00,-4.24E-08,-2.094395166,2.09439506
6/28/2018 14:15,-4.27E-08,-2.094395166,2.094395059
6/28/2018 14:30,-4.29E-08,-2.094395167,2.094395059
6/28/2018 14:45,-4.27E-08,-2.094395167,2.09439506
6/28/2018 15:00,-4.37E-08,-2.094395167,2.094395058
6/28/2018 15:15,-4.47E-08,-2.094395167,2.094395057
6/28/2018 15:30,-4.50E-08,-2.094395166,2.094395056
6/28/2018 15:45,-4.57E-08,-2.094395165,2.094395055
6/28/2018 16:00,-4.68E-08,-2.094395164,2.094395053
6/28/2018 16:15,-4.87E-08,-2.094395164,2.094395052
6/28/2018 16:30,-4.97E-08,-2.094395164,2.09439505
6/28/2018 16:45,-5.00E-08,-2.094395164,2.094395049
6/28/2018 17:00,-5.08E-08,-2.094395164,2.094395047
6/28/2018 17:15,-5.13E-08,-2.094395163,2.094395045
6/28/2018 17:30,-5.19E-08,-2.094395162,2.094395044
6/28/2018 17:45,-5.11E-08,-2.09439516,2.094395045
6/28/2018 18:00,-5.13E-08,-2.09439516,2.094395043
6/28/2018 18:15,-5.11E-08,-2.094395159,2.094395043
6/28/2018 18:30,-5.20E-08,-2.094395158,2.094395041
6/28/2018 18:45,-5.14E-08,-2.094395157,2.094395042
6/29/2018 7:00,-2.96E-08,-2.094395137,2.094395064
6/29/2018 7:15,-2.86E-08,-2.094395138,2.094395065
6/29/2018 7:30,-2.87E-08,-2.094395139,2.094395066
6/29/2018 7:45,-2.77E-08,-2.09439514,2.094395067
6/29/2018 8:00,-2.72E-08,-2.09439514,2.094395069
6/29/2018 8:15,-2.83E-08,-2.09439514,2.094395071
6/29/2018 8:30,-2.64E-08,-2.094395139,2.094395072
6/29/2018 8:45,-2.52E-08,-2.094395139,2.094395074
6/29/2018 9:00,-2.43E-08,-2.09439514,2.094395076
6/29/2018 9:15,-2.34E-08,-2.09439514,2.094395077
6/29/2018 9:30,-2.27E-08,-2.094395141,2.094395078
6/29/2018 9:45,-2.06E-08,-2.094395141,2.09439508
6/29/2018 10:00,-2.01E-08,-2.094395142,2.094395081
6/29/2018 10:15,-1.83E-08,-2.094395141,2.094395083
6/29/2018 10:30,-1.72E-08,-2.094395141,2.094395084
6/29/2018 10:45,-1.71E-08,-2.094395142,2.094395084
6/29/2018 11:00,-1.61E-08,-2.094395141,2.094395085
6/29/2018 11:15,-1.60E-08,-2.09439514,2.094395085
6/29/2018 11:30,-1.71E-08,-2.09439514,2.094395085
6/29/2018 11:45,-1.67E-08,-2.09439514,2.094395085
6/29/2018 12:00,-1.72E-08,-2.094395141,2.094395084
6/29/2018 12:15,-1.56E-08,-2.09439514,2.094395086
6/29/2018 12:30,-1.33E-08,-2.094395138,2.094395087
6/29/2018 12:45,-1.23E-08,-2.094395137,2.094395088
6/29/2018 13:00,-1.17E-08,-2.094395138,2.094395087
6/29/2018 13:15,-1.37E-08,-2.094395139,2.094395087
6/29/2018 13:30,-1.34E-08,-2.094395139,2.094395087
6/29/2018 13:45,-1.36E-08,-2.09439514,2.094395085
6/29/2018 14:00,-1.81E-08,-2.09439514,2.09439508
6/29/2018 14:15,-2.01E-08,-2.09439514,2.094395076
6/29/2018 14:30,-2.13E-08,-2.094395141,2.094395072
6/29/2018 14:45,-2.24E-08,-2.09439514,2.094395073
6/29/2018 15:00,-2.09E-08,-2.094395139,2.094395075
6/29/2018 15:15,-1.99E-08,-2.094395141,2.094395073
6/29/2018 15:30,-2.23E-08,-2.09439514,2.094395073
6/29/2018 15:45,-2.13E-08,-2.094395139,2.094395074
6/29/2018 16:00,-1.92E-08,-2.094395139,2.094395075
6/29/2018 16:15,-2.24E-08,-2.09439514,2.094395073
6/29/2018 16:30,-2.27E-08,-2.09439514,2.094395072
6/29/2018 16:45,-2.18E-08,-2.094395141,2.094395071
6/29/2018 17:00,-2.41E-08,-2.09439514,2.09439507
6/29/2018 17:15,-2.54E-08,-2.094395139,2.094395069
6/29/2018 17:30,-2.48E-08,-2.094395139,2.094395067
6/29/2018 17:45,-2.69E-08,-2.09439514,2.094395065
6/29/2018 18:00,-2.77E-08,-2.09439514,2.094395064
6/29/2018 18:15,-2.81E-08,-2.094395139,2.094395062
6/29/2018 18:30,-3.04E-08,-2.094395139,2.09439506
6/29/2018 18:45,-3.09E-08,-2.094395139,2.094395059
